,日期,時間,outlier
0,2019/4/25,09:15:00,False
1,2019/4/25,09:30:00,False
2,2019/4/25,09:45:00,False
3,2019/4/25,10:00:00,False
4,2019/4/25,10:15:00,False
5,2019/4/25,10:30:00,False
6,2019/4/25,10:45:00,False
7,2019/4/25,11:00:00,False
8,2019/4/25,11:15:00,False
9,2019/4/25,11:30:00,False
10,2019/4/25,11:45:00,False
11,2019/4/25,12:00:00,False
12,2019/4/25,12:15:00,False
13,2019/4/25,12:30:00,False
14,2019/4/25,12:45:00,False
15,2019/4/25,13:00:00,False
16,2019/4/26,09:15:00,False
17,2019/4/26,09:30:00,False
18,2019/4/26,09:45:00,False
19,2019/4/26,10:00:00,False
20,2019/4/26,10:15:00,False
21,2019/4/26,10:30:00,False
22,2019/4/26,10:45:00,False
23,2019/4/26,11:00:00,False
24,2019/4/26,11:15:00,False
25,2019/4/26,11:30:00,False
26,2019/4/26,11:45:00,False
27,2019/4/26,12:00:00,False
28,2019/4/26,12:15:00,False
29,2019/4/26,12:30:00,False
30,2019/4/26,12:45:00,False
31,2019/4/26,13:00:00,False
32,2019/4/29,09:15:00,False
33,2019/4/29,09:30:00,True
34,2019/4/29,09:45:00,False
35,2019/4/29,10:00:00,False
36,2019/4/29,10:15:00,False
37,2019/4/29,10:30:00,False
38,2019/4/29,10:45:00,False
39,2019/4/29,11:00:00,False
40,2019/4/29,11:15:00,False
41,2019/4/29,11:30:00,False
42,2019/4/29,11:45:00,False
43,2019/4/29,12:00:00,False
44,2019/4/29,12:15:00,False
45,2019/4/29,12:30:00,False
46,2019/4/29,12:45:00,False
47,2019/4/29,13:00:00,False
48,2019/4/30,09:15:00,False
49,2019/4/30,09:30:00,False
50,2019/4/30,09:45:00,False
51,2019/4/30,10:00:00,False
52,2019/4/30,10:15:00,False
53,2019/4/30,10:30:00,False
54,2019/4/30,10:45:00,False
55,2019/4/30,11:00:00,False
56,2019/4/30,11:15:00,False
57,2019/4/30,11:30:00,False
58,2019/4/30,11:45:00,False
59,2019/4/30,12:00:00,False
60,2019/4/30,12:15:00,False
61,2019/4/30,12:30:00,False
62,2019/4/30,12:45:00,False
63,2019/4/30,13:00:00,False
64,2019/5/2,09:15:00,False
65,2019/5/2,09:30:00,False
66,2019/5/2,09:45:00,False
67,2019/5/2,10:00:00,False
68,2019/5/2,10:15:00,False
69,2019/5/2,10:30:00,False
70,2019/5/2,10:45:00,True
71,2019/5/2,11:00:00,False
72,2019/5/2,11:15:00,False
73,2019/5/2,11:30:00,False
74,2019/5/2,11:45:00,False
75,2019/5/2,12:00:00,False
76,2019/5/2,12:15:00,False
77,2019/5/2,12:30:00,False
78,2019/5/2,12:45:00,False
79,2019/5/2,13:00:00,False
80,2019/5/3,09:15:00,False
81,2019/5/3,09:30:00,False
82,2019/5/3,09:45:00,False
83,2019/5/3,10:00:00,False
84,2019/5/3,10:15:00,False
85,2019/5/3,10:30:00,False
86,2019/5/3,10:45:00,False
87,2019/5/3,11:00:00,False
88,2019/5/3,11:15:00,False
89,2019/5/3,11:30:00,False
90,2019/5/3,11:45:00,False
91,2019/5/3,12:00:00,False
92,2019/5/3,12:15:00,False
93,2019/5/3,12:30:00,False
94,2019/5/3,12:45:00,False
95,2019/5/3,13:00:00,False
96,2019/5/6,09:15:00,False
97,2019/5/6,09:30:00,False
98,2019/5/6,09:45:00,False
99,2019/5/6,10:00:00,False
100,2019/5/6,10:15:00,False
101,2019/5/6,10:30:00,False
102,2019/5/6,10:45:00,False
103,2019/5/6,11:00:00,False
104,2019/5/6,11:15:00,False
105,2019/5/6,11:30:00,False
106,2019/5/6,11:45:00,False
107,2019/5/6,12:00:00,False
108,2019/5/6,12:15:00,False
109,2019/5/6,12:30:00,False
110,2019/5/6,12:45:00,False
111,2019/5/6,13:00:00,False
112,2019/5/7,09:15:00,False
113,2019/5/7,09:30:00,False
114,2019/5/7,09:45:00,False
115,2019/5/7,10:00:00,False
116,2019/5/7,10:15:00,False
117,2019/5/7,10:30:00,False
118,2019/5/7,10:45:00,False
119,2019/5/7,11:00:00,False
120,2019/5/7,11:15:00,False
121,2019/5/7,11:30:00,False
122,2019/5/7,11:45:00,False
123,2019/5/7,12:00:00,False
124,2019/5/7,12:15:00,False
125,2019/5/7,12:30:00,False
126,2019/5/7,12:45:00,False
127,2019/5/7,13:00:00,False
128,2019/5/8,09:15:00,False
129,2019/5/8,09:30:00,False
130,2019/5/8,09:45:00,False
131,2019/5/8,10:00:00,False
132,2019/5/8,10:15:00,False
133,2019/5/8,10:30:00,False
134,2019/5/8,10:45:00,False
135,2019/5/8,11:00:00,False
136,2019/5/8,11:15:00,False
137,2019/5/8,11:30:00,False
138,2019/5/8,11:45:00,False
139,2019/5/8,12:00:00,False
140,2019/5/8,12:15:00,False
141,2019/5/8,12:30:00,False
142,2019/5/8,12:45:00,False
143,2019/5/8,13:00:00,False
144,2019/5/9,09:15:00,False
145,2019/5/9,09:30:00,False
146,2019/5/9,09:45:00,True
147,2019/5/9,10:00:00,False
148,2019/5/9,10:15:00,False
149,2019/5/9,10:30:00,False
150,2019/5/9,10:45:00,True
151,2019/5/9,11:00:00,False
152,2019/5/9,11:15:00,False
153,2019/5/9,11:30:00,False
154,2019/5/9,11:45:00,False
155,2019/5/9,12:00:00,False
156,2019/5/9,12:15:00,False
157,2019/5/9,12:30:00,False
158,2019/5/9,12:45:00,False
159,2019/5/9,13:00:00,False
160,2019/5/10,09:15:00,False
161,2019/5/10,09:30:00,False
162,2019/5/10,09:45:00,False
163,2019/5/10,10:00:00,False
164,2019/5/10,10:15:00,False
165,2019/5/10,10:30:00,False
166,2019/5/10,10:45:00,False
167,2019/5/10,11:00:00,False
168,2019/5/10,11:15:00,False
169,2019/5/10,11:30:00,False
170,2019/5/10,11:45:00,False
171,2019/5/10,12:00:00,False
172,2019/5/10,12:15:00,False
173,2019/5/10,12:30:00,False
174,2019/5/10,12:45:00,False
175,2019/5/10,13:00:00,False
176,2019/5/13,09:15:00,False
177,2019/5/13,09:30:00,False
178,2019/5/13,09:45:00,False
179,2019/5/13,10:00:00,False
180,2019/5/13,10:15:00,False
181,2019/5/13,10:30:00,False
182,2019/5/13,10:45:00,False
183,2019/5/13,11:00:00,False
184,2019/5/13,11:15:00,False
185,2019/5/13,11:30:00,False
186,2019/5/13,11:45:00,False
187,2019/5/13,12:00:00,False
188,2019/5/13,12:15:00,False
189,2019/5/13,12:30:00,False
190,2019/5/13,12:45:00,False
191,2019/5/13,13:00:00,False
192,2019/5/14,09:15:00,False
193,2019/5/14,09:30:00,False
194,2019/5/14,09:45:00,False
195,2019/5/14,10:00:00,False
196,2019/5/14,10:15:00,False
197,2019/5/14,10:30:00,False
198,2019/5/14,10:45:00,False
199,2019/5/14,11:00:00,False
200,2019/5/14,11:15:00,False
201,2019/5/14,11:30:00,False
202,2019/5/14,11:45:00,False
203,2019/5/14,12:00:00,False
204,2019/5/14,12:15:00,False
205,2019/5/14,12:30:00,False
206,2019/5/14,12:45:00,False
207,2019/5/14,13:00:00,False
208,2019/5/15,09:15:00,False
209,2019/5/15,09:30:00,False
210,2019/5/15,09:45:00,False
211,2019/5/15,10:00:00,False
212,2019/5/15,10:15:00,False
213,2019/5/15,10:30:00,False
214,2019/5/15,10:45:00,False
215,2019/5/15,11:00:00,False
216,2019/5/15,11:15:00,False
217,2019/5/15,11:30:00,False
218,2019/5/15,11:45:00,False
219,2019/5/15,12:00:00,False
220,2019/5/15,12:15:00,False
221,2019/5/15,12:30:00,False
222,2019/5/15,12:45:00,False
223,2019/5/15,13:00:00,False
224,2019/5/16,09:15:00,False
225,2019/5/16,09:30:00,False
226,2019/5/16,09:45:00,False
227,2019/5/16,10:00:00,False
228,2019/5/16,10:15:00,False
229,2019/5/16,10:30:00,False
230,2019/5/16,10:45:00,False
231,2019/5/16,11:00:00,False
232,2019/5/16,11:15:00,False
233,2019/5/16,11:30:00,False
234,2019/5/16,11:45:00,False
235,2019/5/16,12:00:00,False
236,2019/5/16,12:15:00,False
237,2019/5/16,12:30:00,False
238,2019/5/16,12:45:00,False
239,2019/5/16,13:00:00,False
240,2019/5/17,09:15:00,False
241,2019/5/17,09:30:00,False
242,2019/5/17,09:45:00,False
243,2019/5/17,10:00:00,False
244,2019/5/17,10:15:00,False
245,2019/5/17,10:30:00,False
246,2019/5/17,10:45:00,False
247,2019/5/17,11:00:00,False
248,2019/5/17,11:15:00,False
249,2019/5/17,11:30:00,False
250,2019/5/17,11:45:00,False
251,2019/5/17,12:00:00,False
252,2019/5/17,12:15:00,False
253,2019/5/17,12:30:00,False
254,2019/5/17,12:45:00,False
255,2019/5/17,13:00:00,False
256,2019/5/20,09:15:00,False
257,2019/5/20,09:30:00,False
258,2019/5/20,09:45:00,False
259,2019/5/20,10:00:00,False
260,2019/5/20,10:15:00,False
261,2019/5/20,10:30:00,False
262,2019/5/20,10:45:00,False
263,2019/5/20,11:00:00,False
264,2019/5/20,11:15:00,False
265,2019/5/20,11:30:00,False
266,2019/5/20,11:45:00,False
267,2019/5/20,12:00:00,False
268,2019/5/20,12:15:00,False
269,2019/5/20,12:30:00,False
270,2019/5/20,12:45:00,False
271,2019/5/20,13:00:00,False
272,2019/5/21,09:15:00,False
273,2019/5/21,09:30:00,True
274,2019/5/21,09:45:00,False
275,2019/5/21,10:00:00,False
276,2019/5/21,10:15:00,False
277,2019/5/21,10:30:00,False
278,2019/5/21,10:45:00,False
279,2019/5/21,11:00:00,False
280,2019/5/21,11:15:00,False
281,2019/5/21,11:30:00,False
282,2019/5/21,11:45:00,False
283,2019/5/21,12:00:00,False
284,2019/5/21,12:15:00,False
285,2019/5/21,12:30:00,False
286,2019/5/21,12:45:00,False
287,2019/5/21,13:00:00,False
288,2019/5/22,09:15:00,False
289,2019/5/22,09:30:00,False
290,2019/5/22,09:45:00,False
291,2019/5/22,10:00:00,False
292,2019/5/22,10:15:00,False
293,2019/5/22,10:30:00,False
294,2019/5/22,10:45:00,False
295,2019/5/22,11:00:00,False
296,2019/5/22,11:15:00,False
297,2019/5/22,11:30:00,False
298,2019/5/22,11:45:00,False
299,2019/5/22,12:00:00,False
300,2019/5/22,12:15:00,False
301,2019/5/22,12:30:00,False
302,2019/5/22,12:45:00,False
303,2019/5/22,13:00:00,False
304,2019/5/23,09:15:00,False
305,2019/5/23,09:30:00,False
306,2019/5/23,09:45:00,False
307,2019/5/23,10:00:00,False
308,2019/5/23,10:15:00,False
309,2019/5/23,10:30:00,False
310,2019/5/23,10:45:00,False
311,2019/5/23,11:00:00,False
312,2019/5/23,11:15:00,False
313,2019/5/23,11:30:00,False
314,2019/5/23,11:45:00,False
315,2019/5/23,12:00:00,False
316,2019/5/23,12:15:00,False
317,2019/5/23,12:30:00,False
318,2019/5/23,12:45:00,False
319,2019/5/23,13:00:00,False
320,2019/5/24,09:15:00,False
321,2019/5/24,09:30:00,False
322,2019/5/24,09:45:00,False
323,2019/5/24,10:00:00,False
324,2019/5/24,10:15:00,False
325,2019/5/24,10:30:00,False
326,2019/5/24,10:45:00,False
327,2019/5/24,11:00:00,False
328,2019/5/24,11:15:00,False
329,2019/5/24,11:30:00,False
330,2019/5/24,11:45:00,False
331,2019/5/24,12:00:00,False
332,2019/5/24,12:15:00,False
333,2019/5/24,12:30:00,False
334,2019/5/24,12:45:00,False
335,2019/5/24,13:00:00,False
336,2019/5/27,09:15:00,False
337,2019/5/27,09:30:00,False
338,2019/5/27,09:45:00,False
339,2019/5/27,10:00:00,False
340,2019/5/27,10:15:00,False
341,2019/5/27,10:30:00,False
342,2019/5/27,10:45:00,False
343,2019/5/27,11:00:00,False
344,2019/5/27,11:15:00,False
345,2019/5/27,11:30:00,False
346,2019/5/27,11:45:00,False
347,2019/5/27,12:00:00,False
348,2019/5/27,12:15:00,False
349,2019/5/27,12:30:00,False
350,2019/5/27,12:45:00,False
351,2019/5/27,13:00:00,False
352,2019/5/28,09:15:00,False
353,2019/5/28,09:30:00,False
354,2019/5/28,09:45:00,False
355,2019/5/28,10:00:00,False
356,2019/5/28,10:15:00,False
357,2019/5/28,10:30:00,False
358,2019/5/28,10:45:00,False
359,2019/5/28,11:00:00,False
360,2019/5/28,11:15:00,False
361,2019/5/28,11:30:00,False
362,2019/5/28,11:45:00,False
363,2019/5/28,12:00:00,False
364,2019/5/28,12:15:00,False
365,2019/5/28,12:30:00,False
366,2019/5/28,12:45:00,False
367,2019/5/28,13:00:00,False
368,2019/5/29,09:15:00,False
369,2019/5/29,09:30:00,False
370,2019/5/29,09:45:00,False
371,2019/5/29,10:00:00,False
372,2019/5/29,10:15:00,False
373,2019/5/29,10:30:00,False
374,2019/5/29,10:45:00,False
375,2019/5/29,11:00:00,False
376,2019/5/29,11:15:00,False
377,2019/5/29,11:30:00,False
378,2019/5/29,11:45:00,False
379,2019/5/29,12:00:00,False
380,2019/5/29,12:15:00,False
381,2019/5/29,12:30:00,False
382,2019/5/29,12:45:00,False
383,2019/5/29,13:00:00,False
384,2019/5/30,09:15:00,False
385,2019/5/30,09:30:00,False
386,2019/5/30,09:45:00,False
387,2019/5/30,10:00:00,False
388,2019/5/30,10:15:00,False
389,2019/5/30,10:30:00,False
390,2019/5/30,10:45:00,False
391,2019/5/30,11:00:00,False
392,2019/5/30,11:15:00,False
393,2019/5/30,11:30:00,False
394,2019/5/30,11:45:00,False
395,2019/5/30,12:00:00,False
396,2019/5/30,12:15:00,False
397,2019/5/30,12:30:00,False
398,2019/5/30,12:45:00,False
399,2019/5/30,13:00:00,False
400,2019/5/31,09:15:00,False
401,2019/5/31,09:30:00,False
402,2019/5/31,09:45:00,False
403,2019/5/31,10:00:00,False
404,2019/5/31,10:15:00,False
405,2019/5/31,10:30:00,False
406,2019/5/31,10:45:00,False
407,2019/5/31,11:00:00,False
408,2019/5/31,11:15:00,False
409,2019/5/31,11:30:00,False
410,2019/5/31,11:45:00,False
411,2019/5/31,12:00:00,False
412,2019/5/31,12:15:00,False
413,2019/5/31,12:30:00,False
414,2019/5/31,12:45:00,False
415,2019/5/31,13:00:00,False
416,2019/6/3,09:15:00,False
417,2019/6/3,09:30:00,False
418,2019/6/3,09:45:00,False
419,2019/6/3,10:00:00,False
420,2019/6/3,10:15:00,False
421,2019/6/3,10:30:00,False
422,2019/6/3,10:45:00,False
423,2019/6/3,11:00:00,False
424,2019/6/3,11:15:00,False
425,2019/6/3,11:30:00,False
426,2019/6/3,11:45:00,False
427,2019/6/3,12:00:00,False
428,2019/6/3,12:15:00,False
429,2019/6/3,12:30:00,False
430,2019/6/3,12:45:00,False
431,2019/6/3,13:00:00,False
432,2019/6/4,09:15:00,False
433,2019/6/4,09:30:00,False
434,2019/6/4,09:45:00,False
435,2019/6/4,10:00:00,False
436,2019/6/4,10:15:00,False
437,2019/6/4,10:30:00,False
438,2019/6/4,10:45:00,False
439,2019/6/4,11:00:00,False
440,2019/6/4,11:15:00,False
441,2019/6/4,11:30:00,False
442,2019/6/4,11:45:00,False
443,2019/6/4,12:00:00,False
444,2019/6/4,12:15:00,False
445,2019/6/4,12:30:00,False
446,2019/6/4,12:45:00,False
447,2019/6/4,13:00:00,False
448,2019/6/5,09:15:00,False
449,2019/6/5,09:30:00,False
450,2019/6/5,09:45:00,False
451,2019/6/5,10:00:00,False
452,2019/6/5,10:15:00,False
453,2019/6/5,10:30:00,False
454,2019/6/5,10:45:00,False
455,2019/6/5,11:00:00,False
456,2019/6/5,11:15:00,False
457,2019/6/5,11:30:00,False
458,2019/6/5,11:45:00,False
459,2019/6/5,12:00:00,False
460,2019/6/5,12:15:00,False
461,2019/6/5,12:30:00,False
462,2019/6/5,12:45:00,False
463,2019/6/5,13:00:00,False
464,2019/6/6,09:15:00,False
465,2019/6/6,09:30:00,False
466,2019/6/6,09:45:00,False
467,2019/6/6,10:00:00,False
468,2019/6/6,10:15:00,False
469,2019/6/6,10:30:00,False
470,2019/6/6,10:45:00,False
471,2019/6/6,11:00:00,False
472,2019/6/6,11:15:00,False
473,2019/6/6,11:30:00,False
474,2019/6/6,11:45:00,False
475,2019/6/6,12:00:00,False
476,2019/6/6,12:15:00,False
477,2019/6/6,12:30:00,False
478,2019/6/6,12:45:00,False
479,2019/6/6,13:00:00,False
480,2019/6/10,09:15:00,False
481,2019/6/10,09:30:00,False
482,2019/6/10,09:45:00,False
483,2019/6/10,10:00:00,False
484,2019/6/10,10:15:00,False
485,2019/6/10,10:30:00,False
486,2019/6/10,10:45:00,False
487,2019/6/10,11:00:00,False
488,2019/6/10,11:15:00,False
489,2019/6/10,11:30:00,False
490,2019/6/10,11:45:00,False
491,2019/6/10,12:00:00,False
492,2019/6/10,12:15:00,False
493,2019/6/10,12:30:00,False
494,2019/6/10,12:45:00,False
495,2019/6/10,13:00:00,False
496,2019/6/11,09:15:00,False
497,2019/6/11,09:30:00,False
498,2019/6/11,09:45:00,False
499,2019/6/11,10:00:00,False
500,2019/6/11,10:15:00,False
501,2019/6/11,10:30:00,False
502,2019/6/11,10:45:00,False
503,2019/6/11,11:00:00,False
504,2019/6/11,11:15:00,False
505,2019/6/11,11:30:00,False
506,2019/6/11,11:45:00,False
507,2019/6/11,12:00:00,False
508,2019/6/11,12:15:00,False
509,2019/6/11,12:30:00,False
510,2019/6/11,12:45:00,False
511,2019/6/11,13:00:00,False
512,2019/6/12,09:15:00,False
513,2019/6/12,09:30:00,False
514,2019/6/12,09:45:00,False
515,2019/6/12,10:00:00,False
516,2019/6/12,10:15:00,False
517,2019/6/12,10:30:00,False
518,2019/6/12,10:45:00,False
519,2019/6/12,11:00:00,False
520,2019/6/12,11:15:00,False
521,2019/6/12,11:30:00,False
522,2019/6/12,11:45:00,False
523,2019/6/12,12:00:00,False
524,2019/6/12,12:15:00,False
525,2019/6/12,12:30:00,False
526,2019/6/12,12:45:00,False
527,2019/6/12,13:00:00,False
528,2019/6/13,09:15:00,True
529,2019/6/13,09:30:00,False
530,2019/6/13,09:45:00,False
531,2019/6/13,10:00:00,False
532,2019/6/13,10:15:00,False
533,2019/6/13,10:30:00,False
534,2019/6/13,10:45:00,False
535,2019/6/13,11:00:00,False
536,2019/6/13,11:15:00,False
537,2019/6/13,11:30:00,False
538,2019/6/13,11:45:00,False
539,2019/6/13,12:00:00,False
540,2019/6/13,12:15:00,False
541,2019/6/13,12:30:00,False
542,2019/6/13,12:45:00,False
543,2019/6/13,13:00:00,False
544,2019/6/14,09:15:00,False
545,2019/6/14,09:30:00,False
546,2019/6/14,09:45:00,False
547,2019/6/14,10:00:00,False
548,2019/6/14,10:15:00,False
549,2019/6/14,10:30:00,False
550,2019/6/14,10:45:00,False
551,2019/6/14,11:00:00,False
552,2019/6/14,11:15:00,False
553,2019/6/14,11:30:00,False
554,2019/6/14,11:45:00,False
555,2019/6/14,12:00:00,False
556,2019/6/14,12:15:00,False
557,2019/6/14,12:30:00,False
558,2019/6/14,12:45:00,False
559,2019/6/14,13:00:00,False
560,2019/6/17,09:15:00,False
561,2019/6/17,09:30:00,False
562,2019/6/17,09:45:00,False
563,2019/6/17,10:00:00,False
564,2019/6/17,10:15:00,False
565,2019/6/17,10:30:00,False
566,2019/6/17,10:45:00,False
567,2019/6/17,11:00:00,False
568,2019/6/17,11:15:00,False
569,2019/6/17,11:30:00,False
570,2019/6/17,11:45:00,False
571,2019/6/17,12:00:00,False
572,2019/6/17,12:15:00,False
573,2019/6/17,12:30:00,False
574,2019/6/17,12:45:00,False
575,2019/6/17,13:00:00,False
576,2019/6/18,09:15:00,False
577,2019/6/18,09:30:00,False
578,2019/6/18,09:45:00,False
579,2019/6/18,10:00:00,False
580,2019/6/18,10:15:00,False
581,2019/6/18,10:30:00,False
582,2019/6/18,10:45:00,False
583,2019/6/18,11:00:00,False
584,2019/6/18,11:15:00,False
585,2019/6/18,11:30:00,False
586,2019/6/18,11:45:00,False
587,2019/6/18,12:00:00,False
588,2019/6/18,12:15:00,False
589,2019/6/18,12:30:00,False
590,2019/6/18,12:45:00,False
591,2019/6/18,13:00:00,False
592,2019/6/19,09:15:00,False
593,2019/6/19,09:30:00,False
594,2019/6/19,09:45:00,True
595,2019/6/19,10:00:00,False
596,2019/6/19,10:15:00,False
597,2019/6/19,10:30:00,False
598,2019/6/19,10:45:00,False
599,2019/6/19,11:00:00,False
600,2019/6/19,11:15:00,False
601,2019/6/19,11:30:00,False
602,2019/6/19,11:45:00,False
603,2019/6/19,12:00:00,False
604,2019/6/19,12:15:00,False
605,2019/6/19,12:30:00,False
606,2019/6/19,12:45:00,False
607,2019/6/19,13:00:00,False
608,2019/6/20,09:15:00,False
609,2019/6/20,09:30:00,False
610,2019/6/20,09:45:00,False
611,2019/6/20,10:00:00,False
612,2019/6/20,10:15:00,False
613,2019/6/20,10:30:00,False
614,2019/6/20,10:45:00,True
615,2019/6/20,11:00:00,False
616,2019/6/20,11:15:00,False
617,2019/6/20,11:30:00,False
618,2019/6/20,11:45:00,False
619,2019/6/20,12:00:00,False
620,2019/6/20,12:15:00,False
621,2019/6/20,12:30:00,True
622,2019/6/20,12:45:00,False
623,2019/6/20,13:00:00,False
624,2019/6/21,09:15:00,False
625,2019/6/21,09:30:00,False
626,2019/6/21,09:45:00,False
627,2019/6/21,10:00:00,False
628,2019/6/21,10:15:00,False
629,2019/6/21,10:30:00,False
630,2019/6/21,10:45:00,False
631,2019/6/21,11:00:00,False
632,2019/6/21,11:15:00,False
633,2019/6/21,11:30:00,False
634,2019/6/21,11:45:00,False
635,2019/6/21,12:00:00,False
636,2019/6/21,12:15:00,False
637,2019/6/21,12:30:00,False
638,2019/6/21,12:45:00,False
639,2019/6/21,13:00:00,False
640,2019/6/24,09:15:00,False
641,2019/6/24,09:30:00,False
642,2019/6/24,09:45:00,False
643,2019/6/24,10:00:00,False
644,2019/6/24,10:15:00,False
645,2019/6/24,10:30:00,False
646,2019/6/24,10:45:00,False
647,2019/6/24,11:00:00,False
648,2019/6/24,11:15:00,False
649,2019/6/24,11:30:00,True
650,2019/6/24,11:45:00,False
651,2019/6/24,12:00:00,False
652,2019/6/24,12:15:00,False
653,2019/6/24,12:30:00,False
654,2019/6/24,12:45:00,True
655,2019/6/24,13:00:00,True
656,2019/6/25,09:15:00,False
657,2019/6/25,09:30:00,False
658,2019/6/25,09:45:00,False
659,2019/6/25,10:00:00,False
660,2019/6/25,10:15:00,False
661,2019/6/25,10:30:00,False
662,2019/6/25,10:45:00,False
663,2019/6/25,11:00:00,False
664,2019/6/25,11:15:00,False
665,2019/6/25,11:30:00,False
666,2019/6/25,11:45:00,False
667,2019/6/25,12:00:00,False
668,2019/6/25,12:15:00,False
669,2019/6/25,12:30:00,False
670,2019/6/25,12:45:00,False
671,2019/6/25,13:00:00,False
672,2019/6/26,09:15:00,False
673,2019/6/26,09:30:00,False
674,2019/6/26,09:45:00,False
675,2019/6/26,10:00:00,False
676,2019/6/26,10:15:00,False
677,2019/6/26,10:30:00,False
678,2019/6/26,10:45:00,False
679,2019/6/26,11:00:00,False
680,2019/6/26,11:15:00,False
681,2019/6/26,11:30:00,False
682,2019/6/26,11:45:00,False
683,2019/6/26,12:00:00,False
684,2019/6/26,12:15:00,False
685,2019/6/26,12:30:00,False
686,2019/6/26,12:45:00,False
687,2019/6/26,13:00:00,False
688,2019/6/27,09:15:00,False
689,2019/6/27,09:30:00,True
690,2019/6/27,09:45:00,False
691,2019/6/27,10:00:00,False
692,2019/6/27,10:15:00,False
693,2019/6/27,10:30:00,True
694,2019/6/27,10:45:00,True
695,2019/6/27,11:00:00,False
696,2019/6/27,11:15:00,False
697,2019/6/27,11:30:00,False
698,2019/6/27,11:45:00,False
699,2019/6/27,12:00:00,False
700,2019/6/27,12:15:00,False
701,2019/6/27,12:30:00,False
702,2019/6/27,12:45:00,False
703,2019/6/27,13:00:00,False
704,2019/6/28,09:15:00,False
705,2019/6/28,09:30:00,False
706,2019/6/28,09:45:00,False
707,2019/6/28,10:00:00,False
708,2019/6/28,10:15:00,False
709,2019/6/28,10:30:00,False
710,2019/6/28,10:45:00,False
711,2019/6/28,11:00:00,False
712,2019/6/28,11:15:00,False
713,2019/6/28,11:30:00,False
714,2019/6/28,11:45:00,False
715,2019/6/28,12:00:00,False
716,2019/6/28,12:15:00,False
717,2019/6/28,12:30:00,False
718,2019/6/28,12:45:00,False
719,2019/6/28,13:00:00,False
720,2019/7/1,09:15:00,False
721,2019/7/1,09:30:00,False
722,2019/7/1,09:45:00,False
723,2019/7/1,10:00:00,False
724,2019/7/1,10:15:00,False
725,2019/7/1,10:30:00,False
726,2019/7/1,10:45:00,False
727,2019/7/1,11:00:00,False
728,2019/7/1,11:15:00,False
729,2019/7/1,11:30:00,False
730,2019/7/1,11:45:00,False
731,2019/7/1,12:00:00,False
732,2019/7/1,12:15:00,False
733,2019/7/1,12:30:00,False
734,2019/7/1,12:45:00,False
735,2019/7/1,13:00:00,False
736,2019/7/2,09:15:00,True
737,2019/7/2,09:30:00,False
738,2019/7/2,09:45:00,False
739,2019/7/2,10:00:00,False
740,2019/7/2,10:15:00,False
741,2019/7/2,10:30:00,False
742,2019/7/2,10:45:00,False
743,2019/7/2,11:00:00,False
744,2019/7/2,11:15:00,True
745,2019/7/2,11:30:00,False
746,2019/7/2,11:45:00,False
747,2019/7/2,12:00:00,False
748,2019/7/2,12:15:00,False
749,2019/7/2,12:30:00,False
750,2019/7/2,12:45:00,False
751,2019/7/2,13:00:00,False
752,2019/7/3,09:15:00,False
753,2019/7/3,09:30:00,False
754,2019/7/3,09:45:00,False
755,2019/7/3,10:00:00,False
756,2019/7/3,10:15:00,False
757,2019/7/3,10:30:00,False
758,2019/7/3,10:45:00,False
759,2019/7/3,11:00:00,False
760,2019/7/3,11:15:00,False
761,2019/7/3,11:30:00,False
762,2019/7/3,11:45:00,False
763,2019/7/3,12:00:00,False
764,2019/7/3,12:15:00,False
765,2019/7/3,12:30:00,False
766,2019/7/3,12:45:00,False
767,2019/7/3,13:00:00,False
768,2019/7/4,09:15:00,False
769,2019/7/4,09:30:00,False
770,2019/7/4,09:45:00,False
771,2019/7/4,10:00:00,True
772,2019/7/4,10:15:00,False
773,2019/7/4,10:30:00,False
774,2019/7/4,10:45:00,False
775,2019/7/4,11:00:00,False
776,2019/7/4,11:15:00,False
777,2019/7/4,11:30:00,False
778,2019/7/4,11:45:00,False
779,2019/7/4,12:00:00,False
780,2019/7/4,12:15:00,False
781,2019/7/4,12:30:00,False
782,2019/7/4,12:45:00,False
783,2019/7/4,13:00:00,False
784,2019/7/5,09:15:00,False
785,2019/7/5,09:30:00,False
786,2019/7/5,09:45:00,False
787,2019/7/5,10:00:00,False
788,2019/7/5,10:15:00,False
789,2019/7/5,10:30:00,False
790,2019/7/5,10:45:00,False
791,2019/7/5,11:00:00,False
792,2019/7/5,11:15:00,False
793,2019/7/5,11:30:00,False
794,2019/7/5,11:45:00,False
795,2019/7/5,12:00:00,False
796,2019/7/5,12:15:00,False
797,2019/7/5,12:30:00,False
798,2019/7/5,12:45:00,False
799,2019/7/5,13:00:00,False
800,2019/7/8,09:15:00,False
801,2019/7/8,09:30:00,False
802,2019/7/8,09:45:00,False
803,2019/7/8,10:00:00,False
804,2019/7/8,10:15:00,False
805,2019/7/8,10:30:00,False
806,2019/7/8,10:45:00,False
807,2019/7/8,11:00:00,False
808,2019/7/8,11:15:00,False
809,2019/7/8,11:30:00,False
810,2019/7/8,11:45:00,False
811,2019/7/8,12:00:00,False
812,2019/7/8,12:15:00,False
813,2019/7/8,12:30:00,False
814,2019/7/8,12:45:00,False
815,2019/7/8,13:00:00,False
816,2019/7/9,09:15:00,False
817,2019/7/9,09:30:00,False
818,2019/7/9,09:45:00,False
819,2019/7/9,10:00:00,False
820,2019/7/9,10:15:00,False
821,2019/7/9,10:30:00,False
822,2019/7/9,10:45:00,False
823,2019/7/9,11:00:00,False
824,2019/7/9,11:15:00,False
825,2019/7/9,11:30:00,False
826,2019/7/9,11:45:00,False
827,2019/7/9,12:00:00,False
828,2019/7/9,12:15:00,False
829,2019/7/9,12:30:00,False
830,2019/7/9,12:45:00,False
831,2019/7/9,13:00:00,False
832,2019/7/10,09:15:00,False
833,2019/7/10,09:30:00,False
834,2019/7/10,09:45:00,False
835,2019/7/10,10:00:00,False
836,2019/7/10,10:15:00,False
837,2019/7/10,10:30:00,False
838,2019/7/10,10:45:00,False
839,2019/7/10,11:00:00,False
840,2019/7/10,11:15:00,False
841,2019/7/10,11:30:00,False
842,2019/7/10,11:45:00,False
843,2019/7/10,12:00:00,False
844,2019/7/10,12:15:00,False
845,2019/7/10,12:30:00,False
846,2019/7/10,12:45:00,False
847,2019/7/10,13:00:00,False
848,2019/7/11,09:15:00,False
849,2019/7/11,09:30:00,False
850,2019/7/11,09:45:00,True
851,2019/7/11,10:00:00,False
852,2019/7/11,10:15:00,False
853,2019/7/11,10:30:00,False
854,2019/7/11,10:45:00,False
855,2019/7/11,11:00:00,False
856,2019/7/11,11:15:00,False
857,2019/7/11,11:30:00,False
858,2019/7/11,11:45:00,False
859,2019/7/11,12:00:00,False
860,2019/7/11,12:15:00,False
861,2019/7/11,12:30:00,False
862,2019/7/11,12:45:00,False
863,2019/7/11,13:00:00,False
864,2019/7/12,09:15:00,False
865,2019/7/12,09:30:00,False
866,2019/7/12,09:45:00,False
867,2019/7/12,10:00:00,False
868,2019/7/12,10:15:00,False
869,2019/7/12,10:30:00,False
870,2019/7/12,10:45:00,False
871,2019/7/12,11:00:00,False
872,2019/7/12,11:15:00,False
873,2019/7/12,11:30:00,False
874,2019/7/12,11:45:00,False
875,2019/7/12,12:00:00,False
876,2019/7/12,12:15:00,False
877,2019/7/12,12:30:00,False
878,2019/7/12,12:45:00,False
879,2019/7/12,13:00:00,False
880,2019/7/15,09:15:00,False
881,2019/7/15,09:30:00,False
882,2019/7/15,09:45:00,False
883,2019/7/15,10:00:00,False
884,2019/7/15,10:15:00,False
885,2019/7/15,10:30:00,False
886,2019/7/15,10:45:00,False
887,2019/7/15,11:00:00,False
888,2019/7/15,11:15:00,False
889,2019/7/15,11:30:00,False
890,2019/7/15,11:45:00,False
891,2019/7/15,12:00:00,False
892,2019/7/15,12:15:00,False
893,2019/7/15,12:30:00,False
894,2019/7/15,12:45:00,False
895,2019/7/15,13:00:00,False
896,2019/7/16,09:15:00,False
897,2019/7/16,09:30:00,True
898,2019/7/16,09:45:00,False
899,2019/7/16,10:00:00,False
900,2019/7/16,10:15:00,False
901,2019/7/16,10:30:00,False
902,2019/7/16,10:45:00,True
903,2019/7/16,11:00:00,False
904,2019/7/16,11:15:00,False
905,2019/7/16,11:30:00,True
906,2019/7/16,11:45:00,False
907,2019/7/16,12:00:00,False
908,2019/7/16,12:15:00,False
909,2019/7/16,12:30:00,False
910,2019/7/16,12:45:00,False
911,2019/7/16,13:00:00,False
912,2019/7/17,09:15:00,False
913,2019/7/17,09:30:00,False
914,2019/7/17,09:45:00,False
915,2019/7/17,10:00:00,False
916,2019/7/17,10:15:00,False
917,2019/7/17,10:30:00,False
918,2019/7/17,10:45:00,False
919,2019/7/17,11:00:00,False
920,2019/7/17,11:15:00,False
921,2019/7/17,11:30:00,False
922,2019/7/17,11:45:00,False
923,2019/7/17,12:00:00,False
924,2019/7/17,12:15:00,False
925,2019/7/17,12:30:00,False
926,2019/7/17,12:45:00,False
927,2019/7/17,13:00:00,False
928,2019/7/18,09:15:00,False
929,2019/7/18,09:30:00,False
930,2019/7/18,09:45:00,False
931,2019/7/18,10:00:00,False
932,2019/7/18,10:15:00,False
933,2019/7/18,10:30:00,False
934,2019/7/18,10:45:00,False
935,2019/7/18,11:00:00,False
936,2019/7/18,11:15:00,False
937,2019/7/18,11:30:00,False
938,2019/7/18,11:45:00,False
939,2019/7/18,12:00:00,False
940,2019/7/18,12:15:00,False
941,2019/7/18,12:30:00,False
942,2019/7/18,12:45:00,False
943,2019/7/18,13:00:00,False
944,2019/7/19,09:15:00,False
945,2019/7/19,09:30:00,False
946,2019/7/19,09:45:00,False
947,2019/7/19,10:00:00,False
948,2019/7/19,10:15:00,False
949,2019/7/19,10:30:00,False
950,2019/7/19,10:45:00,False
951,2019/7/19,11:00:00,False
952,2019/7/19,11:15:00,False
953,2019/7/19,11:30:00,False
954,2019/7/19,11:45:00,False
955,2019/7/19,12:00:00,False
956,2019/7/19,12:15:00,False
957,2019/7/19,12:30:00,False
958,2019/7/19,12:45:00,False
959,2019/7/19,13:00:00,False
960,2019/7/22,09:15:00,False
961,2019/7/22,09:30:00,False
962,2019/7/22,09:45:00,False
963,2019/7/22,10:00:00,False
964,2019/7/22,10:15:00,False
965,2019/7/22,10:30:00,False
966,2019/7/22,10:45:00,False
967,2019/7/22,11:00:00,False
968,2019/7/22,11:15:00,False
969,2019/7/22,11:30:00,False
970,2019/7/22,11:45:00,False
971,2019/7/22,12:00:00,False
972,2019/7/22,12:15:00,False
973,2019/7/22,12:30:00,False
974,2019/7/22,12:45:00,False
975,2019/7/22,13:00:00,False
976,2019/7/23,09:15:00,False
977,2019/7/23,09:30:00,False
978,2019/7/23,09:45:00,False
979,2019/7/23,10:00:00,False
980,2019/7/23,10:15:00,False
981,2019/7/23,10:30:00,False
982,2019/7/23,10:45:00,False
983,2019/7/23,11:00:00,False
984,2019/7/23,11:15:00,False
985,2019/7/23,11:30:00,False
986,2019/7/23,11:45:00,False
987,2019/7/23,12:00:00,False
988,2019/7/23,12:15:00,False
989,2019/7/23,12:30:00,False
990,2019/7/23,12:45:00,False
991,2019/7/23,13:00:00,False
992,2019/7/24,09:15:00,False
993,2019/7/24,09:30:00,False
994,2019/7/24,09:45:00,False
995,2019/7/24,10:00:00,True
996,2019/7/24,10:15:00,False
997,2019/7/24,10:30:00,False
998,2019/7/24,10:45:00,False
999,2019/7/24,11:00:00,False
1000,2019/7/24,11:15:00,False
1001,2019/7/24,11:30:00,False
1002,2019/7/24,11:45:00,False
1003,2019/7/24,12:00:00,False
1004,2019/7/24,12:15:00,False
1005,2019/7/24,12:30:00,False
1006,2019/7/24,12:45:00,False
1007,2019/7/24,13:00:00,False
1008,2019/7/25,09:15:00,False
1009,2019/7/25,09:30:00,False
1010,2019/7/25,09:45:00,False
1011,2019/7/25,10:00:00,False
1012,2019/7/25,10:15:00,False
1013,2019/7/25,10:30:00,False
1014,2019/7/25,10:45:00,False
1015,2019/7/25,11:00:00,False
1016,2019/7/25,11:15:00,False
1017,2019/7/25,11:30:00,False
1018,2019/7/25,11:45:00,False
1019,2019/7/25,12:00:00,False
1020,2019/7/25,12:15:00,False
1021,2019/7/25,12:30:00,False
1022,2019/7/25,12:45:00,False
1023,2019/7/25,13:00:00,False
1024,2019/7/26,09:15:00,False
1025,2019/7/26,09:30:00,False
1026,2019/7/26,09:45:00,False
1027,2019/7/26,10:00:00,False
1028,2019/7/26,10:15:00,False
1029,2019/7/26,10:30:00,False
1030,2019/7/26,10:45:00,False
1031,2019/7/26,11:00:00,False
1032,2019/7/26,11:15:00,False
1033,2019/7/26,11:30:00,False
1034,2019/7/26,11:45:00,False
1035,2019/7/26,12:00:00,False
1036,2019/7/26,12:15:00,False
1037,2019/7/26,12:30:00,False
1038,2019/7/26,12:45:00,False
1039,2019/7/26,13:00:00,False
1040,2019/7/29,09:15:00,False
1041,2019/7/29,09:30:00,False
1042,2019/7/29,09:45:00,False
1043,2019/7/29,10:00:00,False
1044,2019/7/29,10:15:00,False
1045,2019/7/29,10:30:00,True
1046,2019/7/29,10:45:00,True
1047,2019/7/29,11:00:00,False
1048,2019/7/29,11:15:00,False
1049,2019/7/29,11:30:00,False
1050,2019/7/29,11:45:00,False
1051,2019/7/29,12:00:00,False
1052,2019/7/29,12:15:00,False
1053,2019/7/29,12:30:00,False
1054,2019/7/29,12:45:00,False
1055,2019/7/29,13:00:00,False
1056,2019/7/30,09:15:00,False
1057,2019/7/30,09:30:00,False
1058,2019/7/30,09:45:00,False
1059,2019/7/30,10:00:00,False
1060,2019/7/30,10:15:00,False
1061,2019/7/30,10:30:00,False
1062,2019/7/30,10:45:00,False
1063,2019/7/30,11:00:00,False
1064,2019/7/30,11:15:00,False
1065,2019/7/30,11:30:00,False
1066,2019/7/30,11:45:00,False
1067,2019/7/30,12:00:00,False
1068,2019/7/30,12:15:00,False
1069,2019/7/30,12:30:00,False
1070,2019/7/30,12:45:00,False
1071,2019/7/30,13:00:00,False
1072,2019/7/31,09:15:00,False
1073,2019/7/31,09:30:00,False
1074,2019/7/31,09:45:00,False
1075,2019/7/31,10:00:00,False
1076,2019/7/31,10:15:00,False
1077,2019/7/31,10:30:00,False
1078,2019/7/31,10:45:00,False
1079,2019/7/31,11:00:00,False
1080,2019/7/31,11:15:00,False
1081,2019/7/31,11:30:00,False
1082,2019/7/31,11:45:00,False
1083,2019/7/31,12:00:00,False
1084,2019/7/31,12:15:00,False
1085,2019/7/31,12:30:00,False
1086,2019/7/31,12:45:00,False
1087,2019/7/31,13:00:00,False
1088,2019/8/1,09:15:00,False
1089,2019/8/1,09:30:00,False
1090,2019/8/1,09:45:00,False
1091,2019/8/1,10:00:00,False
1092,2019/8/1,10:15:00,False
1093,2019/8/1,10:30:00,False
1094,2019/8/1,10:45:00,False
1095,2019/8/1,11:00:00,False
1096,2019/8/1,11:15:00,False
1097,2019/8/1,11:30:00,False
1098,2019/8/1,11:45:00,False
1099,2019/8/1,12:00:00,False
1100,2019/8/1,12:15:00,False
1101,2019/8/1,12:30:00,False
1102,2019/8/1,12:45:00,False
1103,2019/8/1,13:00:00,False
1104,2019/8/2,09:15:00,False
1105,2019/8/2,09:30:00,False
1106,2019/8/2,09:45:00,False
1107,2019/8/2,10:00:00,False
1108,2019/8/2,10:15:00,False
1109,2019/8/2,10:30:00,False
1110,2019/8/2,10:45:00,False
1111,2019/8/2,11:00:00,False
1112,2019/8/2,11:15:00,False
1113,2019/8/2,11:30:00,False
1114,2019/8/2,11:45:00,False
1115,2019/8/2,12:00:00,False
1116,2019/8/2,12:15:00,False
1117,2019/8/2,12:30:00,False
1118,2019/8/2,12:45:00,False
1119,2019/8/2,13:00:00,False
1120,2019/8/5,09:15:00,True
1121,2019/8/5,09:30:00,False
1122,2019/8/5,09:45:00,False
1123,2019/8/5,10:00:00,False
1124,2019/8/5,10:15:00,False
1125,2019/8/5,10:30:00,False
1126,2019/8/5,10:45:00,False
1127,2019/8/5,11:00:00,False
1128,2019/8/5,11:15:00,False
1129,2019/8/5,11:30:00,False
1130,2019/8/5,11:45:00,False
1131,2019/8/5,12:00:00,False
1132,2019/8/5,12:15:00,False
1133,2019/8/5,12:30:00,False
1134,2019/8/5,12:45:00,False
1135,2019/8/5,13:00:00,False
1136,2019/8/6,09:15:00,False
1137,2019/8/6,09:30:00,False
1138,2019/8/6,09:45:00,False
1139,2019/8/6,10:00:00,False
1140,2019/8/6,10:15:00,False
1141,2019/8/6,10:30:00,False
1142,2019/8/6,10:45:00,False
1143,2019/8/6,11:00:00,False
1144,2019/8/6,11:15:00,False
1145,2019/8/6,11:30:00,False
1146,2019/8/6,11:45:00,False
1147,2019/8/6,12:00:00,False
1148,2019/8/6,12:15:00,False
1149,2019/8/6,12:30:00,False
1150,2019/8/6,12:45:00,False
1151,2019/8/6,13:00:00,False
1152,2019/8/7,09:15:00,False
1153,2019/8/7,09:30:00,False
1154,2019/8/7,09:45:00,False
1155,2019/8/7,10:00:00,False
1156,2019/8/7,10:15:00,False
1157,2019/8/7,10:30:00,False
1158,2019/8/7,10:45:00,False
1159,2019/8/7,11:00:00,False
1160,2019/8/7,11:15:00,False
1161,2019/8/7,11:30:00,False
1162,2019/8/7,11:45:00,False
1163,2019/8/7,12:00:00,False
1164,2019/8/7,12:15:00,False
1165,2019/8/7,12:30:00,False
1166,2019/8/7,12:45:00,False
1167,2019/8/7,13:00:00,False
1168,2019/8/8,09:15:00,False
1169,2019/8/8,09:30:00,False
1170,2019/8/8,09:45:00,False
1171,2019/8/8,10:00:00,False
1172,2019/8/8,10:15:00,False
1173,2019/8/8,10:30:00,False
1174,2019/8/8,10:45:00,False
1175,2019/8/8,11:00:00,False
1176,2019/8/8,11:15:00,False
1177,2019/8/8,11:30:00,False
1178,2019/8/8,11:45:00,False
1179,2019/8/8,12:00:00,False
1180,2019/8/8,12:15:00,False
1181,2019/8/8,12:30:00,False
1182,2019/8/8,12:45:00,False
1183,2019/8/8,13:00:00,False
1184,2019/8/12,09:15:00,False
1185,2019/8/12,09:30:00,False
1186,2019/8/12,09:45:00,False
1187,2019/8/12,10:00:00,False
1188,2019/8/12,10:15:00,False
1189,2019/8/12,10:30:00,False
1190,2019/8/12,10:45:00,False
1191,2019/8/12,11:00:00,False
1192,2019/8/12,11:15:00,False
1193,2019/8/12,11:30:00,False
1194,2019/8/12,11:45:00,False
1195,2019/8/12,12:00:00,False
1196,2019/8/12,12:15:00,False
1197,2019/8/12,12:30:00,False
1198,2019/8/12,12:45:00,False
1199,2019/8/12,13:00:00,False
1200,2019/8/13,09:15:00,False
1201,2019/8/13,09:30:00,False
1202,2019/8/13,09:45:00,False
1203,2019/8/13,10:00:00,False
1204,2019/8/13,10:15:00,False
1205,2019/8/13,10:30:00,False
1206,2019/8/13,10:45:00,False
1207,2019/8/13,11:00:00,False
1208,2019/8/13,11:15:00,False
1209,2019/8/13,11:30:00,False
1210,2019/8/13,11:45:00,False
1211,2019/8/13,12:00:00,False
1212,2019/8/13,12:15:00,False
1213,2019/8/13,12:30:00,False
1214,2019/8/13,12:45:00,False
1215,2019/8/13,13:00:00,False
1216,2019/8/14,09:15:00,False
1217,2019/8/14,09:30:00,False
1218,2019/8/14,09:45:00,False
1219,2019/8/14,10:00:00,False
1220,2019/8/14,10:15:00,False
1221,2019/8/14,10:30:00,False
1222,2019/8/14,10:45:00,False
1223,2019/8/14,11:00:00,False
1224,2019/8/14,11:15:00,False
1225,2019/8/14,11:30:00,False
1226,2019/8/14,11:45:00,False
1227,2019/8/14,12:00:00,False
1228,2019/8/14,12:15:00,False
1229,2019/8/14,12:30:00,False
1230,2019/8/14,12:45:00,False
1231,2019/8/14,13:00:00,False
1232,2019/8/15,09:15:00,False
1233,2019/8/15,09:30:00,False
1234,2019/8/15,09:45:00,False
1235,2019/8/15,10:00:00,False
1236,2019/8/15,10:15:00,False
1237,2019/8/15,10:30:00,False
1238,2019/8/15,10:45:00,False
1239,2019/8/15,11:00:00,False
1240,2019/8/15,11:15:00,False
1241,2019/8/15,11:30:00,False
1242,2019/8/15,11:45:00,False
1243,2019/8/15,12:00:00,False
1244,2019/8/15,12:15:00,False
1245,2019/8/15,12:30:00,False
1246,2019/8/15,12:45:00,False
1247,2019/8/15,13:00:00,False
1248,2019/8/16,09:15:00,False
1249,2019/8/16,09:30:00,False
1250,2019/8/16,09:45:00,False
1251,2019/8/16,10:00:00,False
1252,2019/8/16,10:15:00,False
1253,2019/8/16,10:30:00,False
1254,2019/8/16,10:45:00,False
1255,2019/8/16,11:00:00,False
1256,2019/8/16,11:15:00,False
1257,2019/8/16,11:30:00,False
1258,2019/8/16,11:45:00,False
1259,2019/8/16,12:00:00,False
1260,2019/8/16,12:15:00,False
1261,2019/8/16,12:30:00,False
1262,2019/8/16,12:45:00,False
1263,2019/8/16,13:00:00,False
1264,2019/8/19,09:15:00,False
1265,2019/8/19,09:30:00,False
1266,2019/8/19,09:45:00,False
1267,2019/8/19,10:00:00,False
1268,2019/8/19,10:15:00,False
1269,2019/8/19,10:30:00,False
1270,2019/8/19,10:45:00,False
1271,2019/8/19,11:00:00,False
1272,2019/8/19,11:15:00,False
1273,2019/8/19,11:30:00,False
1274,2019/8/19,11:45:00,False
1275,2019/8/19,12:00:00,False
1276,2019/8/19,12:15:00,False
1277,2019/8/19,12:30:00,False
1278,2019/8/19,12:45:00,False
1279,2019/8/19,13:00:00,False
1280,2019/8/20,09:15:00,False
1281,2019/8/20,09:30:00,False
1282,2019/8/20,09:45:00,False
1283,2019/8/20,10:00:00,False
1284,2019/8/20,10:15:00,False
1285,2019/8/20,10:30:00,False
1286,2019/8/20,10:45:00,False
1287,2019/8/20,11:00:00,False
1288,2019/8/20,11:15:00,False
1289,2019/8/20,11:30:00,False
1290,2019/8/20,11:45:00,False
1291,2019/8/20,12:00:00,False
1292,2019/8/20,12:15:00,False
1293,2019/8/20,12:30:00,False
1294,2019/8/20,12:45:00,False
1295,2019/8/20,13:00:00,False
1296,2019/8/21,09:15:00,False
1297,2019/8/21,09:30:00,False
1298,2019/8/21,09:45:00,False
1299,2019/8/21,10:00:00,False
1300,2019/8/21,10:15:00,False
1301,2019/8/21,10:30:00,False
1302,2019/8/21,10:45:00,False
1303,2019/8/21,11:00:00,False
1304,2019/8/21,11:15:00,False
1305,2019/8/21,11:30:00,False
1306,2019/8/21,11:45:00,False
1307,2019/8/21,12:00:00,False
1308,2019/8/21,12:15:00,False
1309,2019/8/21,12:30:00,False
1310,2019/8/21,12:45:00,False
1311,2019/8/21,13:00:00,False
1312,2019/8/22,09:15:00,False
1313,2019/8/22,09:30:00,False
1314,2019/8/22,09:45:00,False
1315,2019/8/22,10:00:00,False
1316,2019/8/22,10:15:00,False
1317,2019/8/22,10:30:00,False
1318,2019/8/22,10:45:00,False
1319,2019/8/22,11:00:00,False
1320,2019/8/22,11:15:00,False
1321,2019/8/22,11:30:00,False
1322,2019/8/22,11:45:00,False
1323,2019/8/22,12:00:00,False
1324,2019/8/22,12:15:00,False
1325,2019/8/22,12:30:00,False
1326,2019/8/22,12:45:00,False
1327,2019/8/22,13:00:00,False
1328,2019/8/23,09:15:00,False
1329,2019/8/23,09:30:00,False
1330,2019/8/23,09:45:00,False
1331,2019/8/23,10:00:00,False
1332,2019/8/23,10:15:00,False
1333,2019/8/23,10:30:00,False
1334,2019/8/23,10:45:00,False
1335,2019/8/23,11:00:00,False
1336,2019/8/23,11:15:00,False
1337,2019/8/23,11:30:00,False
1338,2019/8/23,11:45:00,False
1339,2019/8/23,12:00:00,False
1340,2019/8/23,12:15:00,False
1341,2019/8/23,12:30:00,False
1342,2019/8/23,12:45:00,False
1343,2019/8/23,13:00:00,False
1344,2019/8/26,09:15:00,False
1345,2019/8/26,09:30:00,False
1346,2019/8/26,09:45:00,False
1347,2019/8/26,10:00:00,False
1348,2019/8/26,10:15:00,False
1349,2019/8/26,10:30:00,False
1350,2019/8/26,10:45:00,False
1351,2019/8/26,11:00:00,False
1352,2019/8/26,11:15:00,False
1353,2019/8/26,11:30:00,False
1354,2019/8/26,11:45:00,False
1355,2019/8/26,12:00:00,False
1356,2019/8/26,12:15:00,False
1357,2019/8/26,12:30:00,False
1358,2019/8/26,12:45:00,False
1359,2019/8/26,13:00:00,False
1360,2019/8/27,09:15:00,False
1361,2019/8/27,09:30:00,False
1362,2019/8/27,09:45:00,False
1363,2019/8/27,10:00:00,False
1364,2019/8/27,10:15:00,False
1365,2019/8/27,10:30:00,False
1366,2019/8/27,10:45:00,False
1367,2019/8/27,11:00:00,False
1368,2019/8/27,11:15:00,False
1369,2019/8/27,11:30:00,False
1370,2019/8/27,11:45:00,False
1371,2019/8/27,12:00:00,False
1372,2019/8/27,12:15:00,False
1373,2019/8/27,12:30:00,False
1374,2019/8/27,12:45:00,False
1375,2019/8/27,13:00:00,False
1376,2019/8/28,09:15:00,False
1377,2019/8/28,09:30:00,True
1378,2019/8/28,09:45:00,False
1379,2019/8/28,10:00:00,False
1380,2019/8/28,10:15:00,False
1381,2019/8/28,10:30:00,False
1382,2019/8/28,10:45:00,False
1383,2019/8/28,11:00:00,False
1384,2019/8/28,11:15:00,False
1385,2019/8/28,11:30:00,False
1386,2019/8/28,11:45:00,False
1387,2019/8/28,12:00:00,False
1388,2019/8/28,12:15:00,False
1389,2019/8/28,12:30:00,False
1390,2019/8/28,12:45:00,False
1391,2019/8/28,13:00:00,False
1392,2019/8/29,09:15:00,False
1393,2019/8/29,09:30:00,False
1394,2019/8/29,09:45:00,False
1395,2019/8/29,10:00:00,False
1396,2019/8/29,10:15:00,False
1397,2019/8/29,10:30:00,False
1398,2019/8/29,10:45:00,False
1399,2019/8/29,11:00:00,False
1400,2019/8/29,11:15:00,False
1401,2019/8/29,11:30:00,False
1402,2019/8/29,11:45:00,False
1403,2019/8/29,12:00:00,False
1404,2019/8/29,12:15:00,False
1405,2019/8/29,12:30:00,False
1406,2019/8/29,12:45:00,False
1407,2019/8/29,13:00:00,False
1408,2019/8/30,09:15:00,False
1409,2019/8/30,09:30:00,False
1410,2019/8/30,09:45:00,False
1411,2019/8/30,10:00:00,False
1412,2019/8/30,10:15:00,False
1413,2019/8/30,10:30:00,False
1414,2019/8/30,10:45:00,False
1415,2019/8/30,11:00:00,False
1416,2019/8/30,11:15:00,False
1417,2019/8/30,11:30:00,False
1418,2019/8/30,11:45:00,False
1419,2019/8/30,12:00:00,False
1420,2019/8/30,12:15:00,False
1421,2019/8/30,12:30:00,False
1422,2019/8/30,12:45:00,False
1423,2019/8/30,13:00:00,False
1424,2019/9/2,09:15:00,False
1425,2019/9/2,09:30:00,False
1426,2019/9/2,09:45:00,False
1427,2019/9/2,10:00:00,False
1428,2019/9/2,10:15:00,False
1429,2019/9/2,10:30:00,False
1430,2019/9/2,10:45:00,True
1431,2019/9/2,11:00:00,False
1432,2019/9/2,11:15:00,False
1433,2019/9/2,11:30:00,False
1434,2019/9/2,11:45:00,True
1435,2019/9/2,12:00:00,False
1436,2019/9/2,12:15:00,False
1437,2019/9/2,12:30:00,False
1438,2019/9/2,12:45:00,False
1439,2019/9/2,13:00:00,False
1440,2019/9/3,09:15:00,False
1441,2019/9/3,09:30:00,False
1442,2019/9/3,09:45:00,False
1443,2019/9/3,10:00:00,False
1444,2019/9/3,10:15:00,False
1445,2019/9/3,10:30:00,False
1446,2019/9/3,10:45:00,False
1447,2019/9/3,11:00:00,False
1448,2019/9/3,11:15:00,False
1449,2019/9/3,11:30:00,False
1450,2019/9/3,11:45:00,False
1451,2019/9/3,12:00:00,False
1452,2019/9/3,12:15:00,False
1453,2019/9/3,12:30:00,False
1454,2019/9/3,12:45:00,False
1455,2019/9/3,13:00:00,False
1456,2019/9/4,09:15:00,False
1457,2019/9/4,09:30:00,False
1458,2019/9/4,09:45:00,False
1459,2019/9/4,10:00:00,False
1460,2019/9/4,10:15:00,False
1461,2019/9/4,10:30:00,True
1462,2019/9/4,10:45:00,False
1463,2019/9/4,11:00:00,False
1464,2019/9/4,11:15:00,False
1465,2019/9/4,11:30:00,False
1466,2019/9/4,11:45:00,False
1467,2019/9/4,12:00:00,False
1468,2019/9/4,12:15:00,False
1469,2019/9/4,12:30:00,False
1470,2019/9/4,12:45:00,False
1471,2019/9/4,13:00:00,False
1472,2019/9/5,09:15:00,False
1473,2019/9/5,09:30:00,False
1474,2019/9/5,09:45:00,False
1475,2019/9/5,10:00:00,False
1476,2019/9/5,10:15:00,False
1477,2019/9/5,10:30:00,False
1478,2019/9/5,10:45:00,False
1479,2019/9/5,11:00:00,False
1480,2019/9/5,11:15:00,False
1481,2019/9/5,11:30:00,False
1482,2019/9/5,11:45:00,False
1483,2019/9/5,12:00:00,False
1484,2019/9/5,12:15:00,False
1485,2019/9/5,12:30:00,False
1486,2019/9/5,12:45:00,False
1487,2019/9/5,13:00:00,False
1488,2019/9/6,09:15:00,True
1489,2019/9/6,09:30:00,False
1490,2019/9/6,09:45:00,False
1491,2019/9/6,10:00:00,False
1492,2019/9/6,10:15:00,False
1493,2019/9/6,10:30:00,False
1494,2019/9/6,10:45:00,False
1495,2019/9/6,11:00:00,False
1496,2019/9/6,11:15:00,False
1497,2019/9/6,11:30:00,False
1498,2019/9/6,11:45:00,False
1499,2019/9/6,12:00:00,False
1500,2019/9/6,12:15:00,False
1501,2019/9/6,12:30:00,False
1502,2019/9/6,12:45:00,False
1503,2019/9/6,13:00:00,False
1504,2019/9/9,09:15:00,False
1505,2019/9/9,09:30:00,False
1506,2019/9/9,09:45:00,False
1507,2019/9/9,10:00:00,True
1508,2019/9/9,10:15:00,True
1509,2019/9/9,10:30:00,False
1510,2019/9/9,10:45:00,False
1511,2019/9/9,11:00:00,False
1512,2019/9/9,11:15:00,False
1513,2019/9/9,11:30:00,False
1514,2019/9/9,11:45:00,True
1515,2019/9/9,12:00:00,False
1516,2019/9/9,12:15:00,False
1517,2019/9/9,12:30:00,False
1518,2019/9/9,12:45:00,False
1519,2019/9/9,13:00:00,True
1520,2019/9/10,09:15:00,False
1521,2019/9/10,09:30:00,False
1522,2019/9/10,09:45:00,False
1523,2019/9/10,10:00:00,False
1524,2019/9/10,10:15:00,False
1525,2019/9/10,10:30:00,False
1526,2019/9/10,10:45:00,False
1527,2019/9/10,11:00:00,False
1528,2019/9/10,11:15:00,False
1529,2019/9/10,11:30:00,False
1530,2019/9/10,11:45:00,False
1531,2019/9/10,12:00:00,False
1532,2019/9/10,12:15:00,False
1533,2019/9/10,12:30:00,False
1534,2019/9/10,12:45:00,False
1535,2019/9/10,13:00:00,False
1536,2019/9/11,09:15:00,False
1537,2019/9/11,09:30:00,True
1538,2019/9/11,09:45:00,False
1539,2019/9/11,10:00:00,False
1540,2019/9/11,10:15:00,False
1541,2019/9/11,10:30:00,False
1542,2019/9/11,10:45:00,False
1543,2019/9/11,11:00:00,False
1544,2019/9/11,11:15:00,False
1545,2019/9/11,11:30:00,False
1546,2019/9/11,11:45:00,False
1547,2019/9/11,12:00:00,False
1548,2019/9/11,12:15:00,False
1549,2019/9/11,12:30:00,False
1550,2019/9/11,12:45:00,False
1551,2019/9/11,13:00:00,True
1552,2019/9/12,09:15:00,False
1553,2019/9/12,09:30:00,False
1554,2019/9/12,09:45:00,False
1555,2019/9/12,10:00:00,False
1556,2019/9/12,10:15:00,False
1557,2019/9/12,10:30:00,False
1558,2019/9/12,10:45:00,False
1559,2019/9/12,11:00:00,False
1560,2019/9/12,11:15:00,True
1561,2019/9/12,11:30:00,False
1562,2019/9/12,11:45:00,False
1563,2019/9/12,12:00:00,False
1564,2019/9/12,12:15:00,False
1565,2019/9/12,12:30:00,False
1566,2019/9/12,12:45:00,True
1567,2019/9/12,13:00:00,False
1568,2019/9/16,09:15:00,True
1569,2019/9/16,09:30:00,True
1570,2019/9/16,09:45:00,True
1571,2019/9/16,10:00:00,False
1572,2019/9/16,10:15:00,False
1573,2019/9/16,10:30:00,False
1574,2019/9/16,10:45:00,False
1575,2019/9/16,11:00:00,False
1576,2019/9/16,11:15:00,False
1577,2019/9/16,11:30:00,False
1578,2019/9/16,11:45:00,False
1579,2019/9/16,12:00:00,False
1580,2019/9/16,12:15:00,True
1581,2019/9/16,12:30:00,False
1582,2019/9/16,12:45:00,False
1583,2019/9/16,13:00:00,False
1584,2019/9/17,09:15:00,False
1585,2019/9/17,09:30:00,False
1586,2019/9/17,09:45:00,True
1587,2019/9/17,10:00:00,False
1588,2019/9/17,10:15:00,False
1589,2019/9/17,10:30:00,False
1590,2019/9/17,10:45:00,False
1591,2019/9/17,11:00:00,False
1592,2019/9/17,11:15:00,False
1593,2019/9/17,11:30:00,False
1594,2019/9/17,11:45:00,False
1595,2019/9/17,12:00:00,False
1596,2019/9/17,12:15:00,False
1597,2019/9/17,12:30:00,False
1598,2019/9/17,12:45:00,True
1599,2019/9/17,13:00:00,False
