ら戳,啥,}L基,程蔼基,程C基,ΜL基,Θユq
2019/4/25,09:00:00,110.5,110.5,110,110.5,657
2019/4/25,09:15:00,110,110.5,110,110,94
2019/4/25,09:30:00,110.5,110.5,110,110.5,412
2019/4/25,09:45:00,110.5,110.5,110,110.5,301
2019/4/25,10:00:00,110.5,110.5,110,110.5,239
2019/4/25,10:15:00,110.5,110.5,110,110.5,214
2019/4/25,10:30:00,110.5,110.5,110,110.5,152
2019/4/25,10:45:00,110.5,110.5,110,110.5,91
2019/4/25,11:00:00,110.5,110.5,110,110.5,286
2019/4/25,11:15:00,110.5,110.5,110,110,94
2019/4/25,11:30:00,110.5,110.5,110,110.5,97
2019/4/25,11:45:00,110.5,110.5,110,110.5,77
2019/4/25,12:00:00,110.5,110.5,110,110.5,71
2019/4/25,12:15:00,110.5,110.5,110,110.5,71
2019/4/25,12:30:00,110.5,110.5,110,110.5,97
2019/4/25,12:45:00,110.5,110.5,110,110.5,198
2019/4/25,13:00:00,110,110.5,110,110.5,126
2019/4/25,13:15:00,110,111,110,110.5,662
2019/4/26,09:00:00,110.5,111,110,110.5,953
2019/4/26,09:15:00,110.5,111,110,110.5,1615
2019/4/26,09:30:00,111,111,110.5,111,133
2019/4/26,09:45:00,110.5,111,110.5,111,90
2019/4/26,10:00:00,111,111,110.5,111,130
2019/4/26,10:15:00,111,111,110.5,110.5,74
2019/4/26,10:30:00,111,111,110.5,110.5,103
2019/4/26,10:45:00,111,111,110.5,111,152
2019/4/26,11:00:00,111,111,110.5,110.5,380
2019/4/26,11:15:00,111,111,110.5,110.5,240
2019/4/26,11:30:00,110.5,111,110.5,111,147
2019/4/26,11:45:00,111,111,110.5,110.5,159
2019/4/26,12:00:00,111,111,110.5,110.5,152
2019/4/26,12:15:00,111,111,110.5,111,85
2019/4/26,12:30:00,111,111,110.5,110.5,547
2019/4/26,12:45:00,110.5,111,110,110.5,148
2019/4/26,13:00:00,110.5,110.5,110,110.5,220
2019/4/26,13:15:00,110.5,110.5,110,110.5,1234
2019/4/29,09:00:00,110.5,110.5,110,110.5,413
2019/4/29,09:15:00,110.5,111,110,110.5,1123
2019/4/29,09:30:00,110.5,111,110.5,111,141
2019/4/29,09:45:00,111,111,110.5,111,268
2019/4/29,10:00:00,110.5,111,110.5,110.5,104
2019/4/29,10:15:00,111,111,110.5,110.5,78
2019/4/29,10:30:00,111,111,110.5,111,132
2019/4/29,10:45:00,111,111,110.5,111,93
2019/4/29,11:00:00,111,111,110.5,111,108
2019/4/29,11:15:00,111,111,110.5,111,94
2019/4/29,11:30:00,111,111,110.5,111,147
2019/4/29,11:45:00,110.5,111,110.5,111,104
2019/4/29,12:00:00,111,111,110.5,111,143
2019/4/29,12:15:00,111,111,110.5,111,145
2019/4/29,12:30:00,111,111,110.5,111,158
2019/4/29,12:45:00,111,111,110.5,110.5,199
2019/4/29,13:00:00,111,111,110.5,110.5,263
2019/4/29,13:15:00,111,111,110.5,111,1099
2019/4/30,09:00:00,111,111,110.5,111,257
2019/4/30,09:15:00,111,111,110.5,111,1049
2019/4/30,09:30:00,111,111,110.5,111,234
2019/4/30,09:45:00,111,111,110.5,111,259
2019/4/30,10:00:00,110.5,111,110.5,111,339
2019/4/30,10:15:00,110.5,111,110.5,110.5,466
2019/4/30,10:30:00,110.5,111,110.5,111,749
2019/4/30,10:45:00,110.5,111,110.5,111,377
2019/4/30,11:00:00,110.5,111,110.5,111,348
2019/4/30,11:15:00,111,111,110.5,111,315
2019/4/30,11:30:00,111,111,110.5,111,237
2019/4/30,11:45:00,111,111,110.5,111,356
2019/4/30,12:00:00,110.5,111,110.5,110.5,373
2019/4/30,12:15:00,111,111,110.5,111,357
2019/4/30,12:30:00,111,111,110.5,111,373
2019/4/30,12:45:00,111,111,110.5,111,348
2019/4/30,13:00:00,110.5,111,110.5,111,413
2019/4/30,13:15:00,111,111.5,110.5,111,3607
2019/5/2,09:00:00,111,111.5,111,111.5,897
2019/5/2,09:15:00,111,111.5,111,111,1226
2019/5/2,09:30:00,111.5,111.5,111,111.5,119
2019/5/2,09:45:00,111,111.5,111,111.5,85
2019/5/2,10:00:00,111,111.5,111,111.5,98
2019/5/2,10:15:00,111,111.5,111,111.5,111
2019/5/2,10:30:00,111,111.5,111,111,443
2019/5/2,10:45:00,111,111.5,111,111,497
2019/5/2,11:00:00,111,111.5,111,111.5,246
2019/5/2,11:15:00,111,111.5,111,111.5,251
2019/5/2,11:30:00,111.5,111.5,111,111.5,233
2019/5/2,11:45:00,111.5,111.5,111,111.5,225
2019/5/2,12:00:00,111.5,111.5,111,111,151
2019/5/2,12:15:00,111,111.5,111,111,149
2019/5/2,12:30:00,111.5,111.5,111,111,142
2019/5/2,12:45:00,111,111.5,111,111,200
2019/5/2,13:00:00,111,111.5,111,111,371
2019/5/2,13:15:00,111.5,111.5,111,111,717
2019/5/3,09:00:00,111,111.5,111,111,484
2019/5/3,09:15:00,111,111.5,111,111,594
2019/5/3,09:30:00,111,111.5,111,111,240
2019/5/3,09:45:00,111,111.5,111,111.5,138
2019/5/3,10:00:00,111.5,111.5,111,111.5,43
2019/5/3,10:15:00,111.5,111.5,111,111,97
2019/5/3,10:30:00,111,111.5,111,111.5,108
2019/5/3,10:45:00,111,111.5,111,111,68
2019/5/3,11:00:00,111.5,111.5,111,111,173
2019/5/3,11:15:00,111.5,111.5,111,111.5,135
2019/5/3,11:30:00,111.5,111.5,111,111.5,84
2019/5/3,11:45:00,111,111.5,111,111,64
2019/5/3,12:00:00,111,111.5,111,111,260
2019/5/3,12:15:00,111.5,111.5,111,111,103
2019/5/3,12:30:00,111.5,111.5,110.5,111,2427
2019/5/3,12:45:00,110.5,111,110.5,111,83
2019/5/3,13:00:00,111,111,110.5,110.5,89
2019/5/3,13:15:00,111,111,110.5,111,729
2019/5/6,09:00:00,111,111,110.5,111,420
2019/5/6,09:15:00,110.5,111,110.5,111,103
2019/5/6,09:30:00,111,111,110.5,111,188
2019/5/6,09:45:00,111,111,110.5,111,207
2019/5/6,10:00:00,111,111,110.5,110.5,95
2019/5/6,10:15:00,111,111,110.5,111,234
2019/5/6,10:30:00,111,111,110.5,111,142
2019/5/6,10:45:00,111,111,110.5,111,220
2019/5/6,11:00:00,111,111,110.5,111,115
2019/5/6,11:15:00,111,111,110.5,110.5,116
2019/5/6,11:30:00,111,111,110.5,111,278
2019/5/6,11:45:00,111,111,110.5,110.5,128
2019/5/6,12:00:00,110.5,111,110,110.5,1593
2019/5/6,12:15:00,110.5,110.5,110,110.5,941
2019/5/6,12:30:00,110.5,110.5,110,110,474
2019/5/6,12:45:00,110.5,110.5,110,110.5,193
2019/5/6,13:00:00,110.5,110.5,110,110.5,348
2019/5/6,13:15:00,110.5,110.5,110,110.5,915
2019/5/7,09:00:00,110.5,111,110.5,110.5,373
2019/5/7,09:15:00,110.5,111,110.5,110.5,90
2019/5/7,09:30:00,111,111,110.5,111,141
2019/5/7,09:45:00,111,111,110.5,110.5,136
2019/5/7,10:00:00,111,111,110.5,111,121
2019/5/7,10:15:00,111,111,110.5,110.5,162
2019/5/7,10:30:00,111,111,110.5,111,139
2019/5/7,10:45:00,111,111,110.5,111,133
2019/5/7,11:00:00,111,111,110.5,111,111
2019/5/7,11:15:00,111,111,110.5,111,171
2019/5/7,11:30:00,111,111,110.5,110.5,131
2019/5/7,11:45:00,111,111,110.5,111,115
2019/5/7,12:00:00,111,111,110.5,111,128
2019/5/7,12:15:00,111,111,110.5,111,110
2019/5/7,12:30:00,111,111,110.5,111,131
2019/5/7,12:45:00,111,111,110.5,111,95
2019/5/7,13:00:00,111,111,110.5,111,291
2019/5/7,13:15:00,111,111,110.5,110.5,946
2019/5/8,09:00:00,110.5,111,110.5,110.5,334
2019/5/8,09:15:00,111,111,110.5,111,106
2019/5/8,09:30:00,111,111,110.5,111,212
2019/5/8,09:45:00,111,111,110.5,111,124
2019/5/8,10:00:00,110.5,111,110.5,110.5,152
2019/5/8,10:15:00,111,111,110.5,111,167
2019/5/8,10:30:00,110.5,111,110.5,111,139
2019/5/8,10:45:00,110.5,111,110.5,111,178
2019/5/8,11:00:00,111,111,110.5,111,138
2019/5/8,11:15:00,111,111,110.5,111,131
2019/5/8,11:30:00,110.5,111,110.5,110.5,118
2019/5/8,11:45:00,111,111,110.5,111,156
2019/5/8,12:00:00,110.5,111,110.5,111,1492
2019/5/8,12:15:00,111,111,110.5,110.5,115
2019/5/8,12:30:00,111,111,110.5,111,220
2019/5/8,12:45:00,110.5,111,110.5,110.5,138
2019/5/8,13:00:00,111,111,110.5,111,421
2019/5/8,13:15:00,110.5,111.5,110.5,111.5,2956
2019/5/9,09:00:00,111,111,111,111,1281
2019/5/9,09:15:00,111,111,110.5,110.5,61
2019/5/9,09:30:00,110.5,111,110.5,110.5,116
2019/5/9,09:45:00,111,111,110.5,110.5,112
2019/5/9,10:00:00,110.5,111,110.5,110.5,226
2019/5/9,10:15:00,110.5,111,110.5,110.5,832
2019/5/9,10:30:00,110.5,111,110.5,110.5,233
2019/5/9,10:45:00,111,111,110.5,110.5,2378
2019/5/9,11:00:00,110.5,111,110.5,111,129
2019/5/9,11:15:00,110.5,111,110.5,110.5,205
2019/5/9,11:30:00,110.5,111,110.5,110.5,173
2019/5/9,11:45:00,110.5,111,110.5,110.5,187
2019/5/9,12:00:00,111,111,110,110,313
2019/5/9,12:15:00,110.5,110.5,110,110,148
2019/5/9,12:30:00,110,110.5,110,110,136
2019/5/9,12:45:00,110.5,110.5,110,110,136
2019/5/9,13:00:00,110.5,110.5,110,110,222
2019/5/9,13:15:00,110.5,110.5,110,110,974
2019/5/10,09:00:00,110,110.5,109.5,110,2351
2019/5/10,09:15:00,110.5,110.5,110,110.5,242
2019/5/10,09:30:00,110.5,110.5,110,110.5,173
2019/5/10,09:45:00,110.5,110.5,110,110.5,592
2019/5/10,10:00:00,110.5,110.5,110,110.5,161
2019/5/10,10:15:00,110.5,110.5,110,110.5,190
2019/5/10,10:30:00,110.5,110.5,110,110.5,288
2019/5/10,10:45:00,110,110.5,110,110.5,213
2019/5/10,11:00:00,110.5,110.5,110,110.5,405
2019/5/10,11:15:00,110.5,110.5,110,110.5,328
2019/5/10,11:30:00,110.5,110.5,110,110.5,206
2019/5/10,11:45:00,110.5,110.5,110,110.5,228
2019/5/10,12:00:00,110.5,110.5,110,110.5,190
2019/5/10,12:15:00,110.5,110.5,110,110,239
2019/5/10,12:30:00,110,110.5,110,110,280
2019/5/10,12:45:00,110.5,110.5,110,110.5,140
2019/5/10,13:00:00,110,110.5,110,110.5,184
2019/5/10,13:15:00,110.5,110.5,110,110,544
2019/5/13,09:00:00,110,110.5,110,110,854
2019/5/13,09:15:00,110,110.5,110,110.5,472
2019/5/13,09:30:00,110.5,110.5,110,110.5,555
2019/5/13,09:45:00,110.5,110.5,110,110,222
2019/5/13,10:00:00,110.5,110.5,110,110.5,100
2019/5/13,10:15:00,110,110.5,110,110.5,241
2019/5/13,10:30:00,110,110.5,110,110.5,272
2019/5/13,10:45:00,110.5,110.5,110,110.5,280
2019/5/13,11:00:00,110.5,110.5,110,110.5,283
2019/5/13,11:15:00,110,110.5,110,110.5,382
2019/5/13,11:30:00,110.5,110.5,110,110,223
2019/5/13,11:45:00,110,110.5,110,110,196
2019/5/13,12:00:00,110.5,110.5,110,110.5,239
2019/5/13,12:15:00,110,110.5,110,110,258
2019/5/13,12:30:00,110.5,110.5,110,110.5,321
2019/5/13,12:45:00,110,110.5,110,110.5,483
2019/5/13,13:00:00,110.5,110.5,110,110.5,323
2019/5/13,13:15:00,110,110.5,110,110,994
2019/5/14,09:00:00,110,110.5,109.5,110.5,890
2019/5/14,09:15:00,110.5,110.5,110,110,2086
2019/5/14,09:30:00,110.5,110.5,110,110.5,334
2019/5/14,09:45:00,110.5,110.5,110,110,744
2019/5/14,10:00:00,110.5,110.5,110,110.5,347
2019/5/14,10:15:00,110.5,111,110,111,601
2019/5/14,10:30:00,110.5,111,110.5,110.5,261
2019/5/14,10:45:00,111,111,110.5,111,230
2019/5/14,11:00:00,110.5,111,110.5,110.5,255
2019/5/14,11:15:00,111,111,110.5,111,1048
2019/5/14,11:30:00,111,111,110.5,111,295
2019/5/14,11:45:00,111,111,110.5,111,235
2019/5/14,12:00:00,111,111,110.5,111,203
2019/5/14,12:15:00,110.5,111,110.5,110.5,279
2019/5/14,12:30:00,110.5,111,110.5,111,201
2019/5/14,12:45:00,111,111,110.5,111,180
2019/5/14,13:00:00,110.5,111,110.5,111,254
2019/5/14,13:15:00,110.5,111.5,110.5,111.5,3065
2019/5/15,09:00:00,111,111.5,111,111,510
2019/5/15,09:15:00,111,111.5,110.5,111,364
2019/5/15,09:30:00,110.5,111.5,110.5,111,231
2019/5/15,09:45:00,111,111.5,110.5,111,100
2019/5/15,10:00:00,110.5,111.5,110.5,111,280
2019/5/15,10:15:00,111.5,111.5,111,111.5,168
2019/5/15,10:30:00,111,111.5,111,111,76
2019/5/15,10:45:00,111.5,111.5,111,111.5,102
2019/5/15,11:00:00,111.5,111.5,111,111,83
2019/5/15,11:15:00,111,111.5,111,111,104
2019/5/15,11:30:00,111.5,111.5,111,111.5,131
2019/5/15,11:45:00,111.5,111.5,111,111.5,91
2019/5/15,12:00:00,111.5,111.5,111,111.5,119
2019/5/15,12:15:00,111.5,111.5,111,111.5,121
2019/5/15,12:30:00,111,111.5,111,111.5,175
2019/5/15,12:45:00,111.5,111.5,111,111,375
2019/5/15,13:00:00,111,111.5,111,111,688
2019/5/15,13:15:00,111,111.5,110.5,110.5,1899
2019/5/16,09:00:00,110.5,111,110.5,110.5,258
2019/5/16,09:15:00,110.5,111,110.5,111,109
2019/5/16,09:30:00,111,111,110.5,111,103
2019/5/16,09:45:00,111,111,110.5,111,142
2019/5/16,10:00:00,110.5,111,110.5,111,159
2019/5/16,10:15:00,110.5,111,110.5,110.5,70
2019/5/16,10:30:00,111,111,110.5,110.5,85
2019/5/16,10:45:00,111,111,110.5,110.5,71
2019/5/16,11:00:00,111,111,110.5,110.5,190
2019/5/16,11:15:00,110.5,111,110.5,111,110
2019/5/16,11:30:00,110.5,111,110.5,110.5,88
2019/5/16,11:45:00,111,111,110.5,111,101
2019/5/16,12:00:00,111,111,110.5,110.5,147
2019/5/16,12:15:00,111,111,110.5,110.5,71
2019/5/16,12:30:00,110.5,111,110.5,110.5,96
2019/5/16,12:45:00,110.5,111,110.5,110.5,203
2019/5/16,13:00:00,111,111,110.5,111,378
2019/5/16,13:15:00,110.5,111,110.5,110.5,1152
2019/5/17,09:00:00,110.5,111,110.5,111,951
2019/5/17,09:15:00,111,111.5,111,111,255
2019/5/17,09:30:00,111,111.5,111,111,186
2019/5/17,09:45:00,111,111.5,111,111,190
2019/5/17,10:00:00,111.5,111.5,111,111,70
2019/5/17,10:15:00,111.5,111.5,111,111.5,212
2019/5/17,10:30:00,111,111.5,111,111.5,296
2019/5/17,10:45:00,111.5,111.5,111,111,132
2019/5/17,11:00:00,111,111.5,111,111,177
2019/5/17,11:15:00,111,111.5,111,111,231
2019/5/17,11:30:00,111,111.5,111,111,95
2019/5/17,11:45:00,111.5,111.5,111,111,131
2019/5/17,12:00:00,111,111.5,111,111.5,142
2019/5/17,12:15:00,111.5,111.5,111,111,122
2019/5/17,12:30:00,111.5,111.5,110.5,111,361
2019/5/17,12:45:00,110.5,111,110.5,110.5,453
2019/5/17,13:00:00,111,111,110.5,111,160
2019/5/17,13:15:00,111,111,110.5,111,640
2019/5/20,09:00:00,111,111.5,111,111.5,742
2019/5/20,09:15:00,111.5,111.5,111,111.5,295
2019/5/20,09:30:00,111.5,112,111,112,3522
2019/5/20,09:45:00,112,112,111.5,111.5,384
2019/5/20,10:00:00,111.5,112,111.5,112,402
2019/5/20,10:15:00,111.5,112,111.5,112,416
2019/5/20,10:30:00,112,112,111.5,112,603
2019/5/20,10:45:00,112,112,111.5,111.5,325
2019/5/20,11:00:00,112,112,111.5,112,253
2019/5/20,11:15:00,112,112,111.5,112,274
2019/5/20,11:30:00,112,112,111.5,112,228
2019/5/20,11:45:00,112,112,111.5,112,214
2019/5/20,12:00:00,112,112,111.5,112,238
2019/5/20,12:15:00,112,112,111.5,112,203
2019/5/20,12:30:00,112,112,111.5,111.5,202
2019/5/20,12:45:00,111.5,112,111.5,112,240
2019/5/20,13:00:00,111.5,111.5,111,111,979
2019/5/20,13:15:00,111,111.5,111,111.5,722
2019/5/21,09:00:00,112,112,111.5,112,647
2019/5/21,09:15:00,112,112.5,111.5,112.5,3610
2019/5/21,09:30:00,112,112.5,112,112.5,389
2019/5/21,09:45:00,112,112.5,112,112,228
2019/5/21,10:00:00,112.5,112.5,112,112,172
2019/5/21,10:15:00,112,112.5,112,112.5,311
2019/5/21,10:30:00,112.5,112.5,112,112,260
2019/5/21,10:45:00,112,112.5,112,112.5,290
2019/5/21,11:00:00,112.5,112.5,112,112,242
2019/5/21,11:15:00,112,112.5,112,112,242
2019/5/21,11:30:00,112.5,112.5,112,112.5,254
2019/5/21,11:45:00,112.5,112.5,112,112.5,246
2019/5/21,12:00:00,112.5,112.5,112,112,312
2019/5/21,12:15:00,112.5,112.5,112,112.5,249
2019/5/21,12:30:00,112.5,112.5,112,112.5,359
2019/5/21,12:45:00,112.5,112.5,112,112.5,359
2019/5/21,13:00:00,112.5,112.5,112,112.5,369
2019/5/21,13:15:00,112,112.5,112,112.5,1479
2019/5/22,09:00:00,112.5,112.5,112,112,426
2019/5/22,09:15:00,112,112.5,112,112.5,194
2019/5/22,09:30:00,112.5,112.5,112,112.5,289
2019/5/22,09:45:00,112,112.5,112,112,171
2019/5/22,10:00:00,112,112.5,112,112.5,270
2019/5/22,10:15:00,112.5,112.5,112,112,157
2019/5/22,10:30:00,112.5,112.5,112,112,177
2019/5/22,10:45:00,112,112.5,112,112,181
2019/5/22,11:00:00,112.5,112.5,112,112.5,148
2019/5/22,11:15:00,112,112.5,112,112,129
2019/5/22,11:30:00,112,112.5,112,112.5,168
2019/5/22,11:45:00,112,112.5,111.5,111.5,526
2019/5/22,12:00:00,111.5,112,111.5,111.5,110
2019/5/22,12:15:00,111.5,112,111.5,111.5,156
2019/5/22,12:30:00,111.5,112,111.5,111.5,227
2019/5/22,12:45:00,112,112,111.5,111.5,157
2019/5/22,13:00:00,112,112,111.5,111.5,181
2019/5/22,13:15:00,111.5,112,111.5,112,1630
2019/5/23,09:00:00,112,112,111.5,112,180
2019/5/23,09:15:00,111.5,112,111.5,112,141
2019/5/23,09:30:00,112,112,111.5,112,132
2019/5/23,09:45:00,112,112,111.5,112,179
2019/5/23,10:00:00,112,112,111.5,112,128
2019/5/23,10:15:00,112,112,111.5,112,94
2019/5/23,10:30:00,112,112,111.5,111.5,210
2019/5/23,10:45:00,112,112,111.5,112,122
2019/5/23,11:00:00,112,112,111.5,111.5,108
2019/5/23,11:15:00,111.5,112,111.5,111.5,130
2019/5/23,11:30:00,112,112,111.5,112,111
2019/5/23,11:45:00,112,112,111.5,112,632
2019/5/23,12:00:00,112,112,111.5,111.5,195
2019/5/23,12:15:00,112,112,111.5,112,159
2019/5/23,12:30:00,112,112,111.5,112,185
2019/5/23,12:45:00,111.5,112,111.5,111.5,242
2019/5/23,13:00:00,112,112,111.5,112,332
2019/5/23,13:15:00,112,112,111.5,112,939
2019/5/24,09:00:00,112,112.5,111.5,112.5,803
2019/5/24,09:15:00,112.5,112.5,112,112.5,210
2019/5/24,09:30:00,112,112.5,112,112.5,203
2019/5/24,09:45:00,112.5,112.5,112,112.5,242
2019/5/24,10:00:00,112.5,112.5,112,112.5,200
2019/5/24,10:15:00,112,112.5,112,112.5,299
2019/5/24,10:30:00,112.5,112.5,112,112.5,244
2019/5/24,10:45:00,112,112.5,112,112.5,294
2019/5/24,11:00:00,112.5,112.5,112,112,264
2019/5/24,11:15:00,112,112.5,112,112,327
2019/5/24,11:30:00,112,112.5,112,112,232
2019/5/24,11:45:00,112,112.5,112,112.5,248
2019/5/24,12:00:00,112.5,112.5,112,112.5,249
2019/5/24,12:15:00,112.5,112.5,112,112,286
2019/5/24,12:30:00,112.5,112.5,112,112,273
2019/5/24,12:45:00,112.5,112.5,112,112.5,545
2019/5/24,13:00:00,112.5,112.5,112,112,423
2019/5/24,13:15:00,112.5,112.5,112,112,728
2019/5/27,09:00:00,112,112.5,112,112.5,223
2019/5/27,09:15:00,112.5,112.5,112,112.5,201
2019/5/27,09:30:00,112.5,112.5,112,112,145
2019/5/27,09:45:00,112.5,112.5,112,112.5,173
2019/5/27,10:00:00,112.5,112.5,112,112.5,245
2019/5/27,10:15:00,112.5,112.5,112,112.5,206
2019/5/27,10:30:00,112.5,112.5,112,112,209
2019/5/27,10:45:00,112.5,112.5,112,112,197
2019/5/27,11:00:00,112.5,112.5,112,112.5,137
2019/5/27,11:15:00,112.5,112.5,112,112,159
2019/5/27,11:30:00,112.5,112.5,112,112,183
2019/5/27,11:45:00,112.5,112.5,112,112.5,206
2019/5/27,12:00:00,112,112.5,112,112.5,107
2019/5/27,12:15:00,112.5,112.5,112,112.5,148
2019/5/27,12:30:00,112.5,112.5,112,112.5,193
2019/5/27,12:45:00,112.5,112.5,112,112,224
2019/5/27,13:00:00,112.5,112.5,112,112,257
2019/5/27,13:15:00,112.5,112.5,112,112,457
2019/5/28,09:00:00,112,112.5,112,112,189
2019/5/28,09:15:00,112,112.5,111.5,111.5,513
2019/5/28,09:30:00,111.5,112,111.5,111.5,306
2019/5/28,09:45:00,111.5,112,111.5,112,192
2019/5/28,10:00:00,111.5,112,111.5,111.5,320
2019/5/28,10:15:00,111.5,112,111.5,112,79
2019/5/28,10:30:00,111.5,112,111.5,111.5,110
2019/5/28,10:45:00,112,112,111.5,111.5,109
2019/5/28,11:00:00,112,112,111.5,112,138
2019/5/28,11:15:00,111.5,112,111.5,112,98
2019/5/28,11:30:00,111.5,112,111.5,112,67
2019/5/28,11:45:00,111.5,112,111.5,111.5,90
2019/5/28,12:00:00,111.5,112,111.5,111.5,85
2019/5/28,12:15:00,111.5,112,111.5,111.5,236
2019/5/28,12:30:00,112,112,111.5,112,129
2019/5/28,12:45:00,112,112,111.5,111.5,131
2019/5/28,13:00:00,112,112,111.5,112,127
2019/5/28,13:15:00,111.5,112,111.5,111.5,13398
2019/5/29,09:00:00,111.5,112,111.5,111.5,204
2019/5/29,09:15:00,112,112,111.5,111.5,144
2019/5/29,09:30:00,112,112,111.5,112,219
2019/5/29,09:45:00,111.5,112,111.5,112,122
2019/5/29,10:00:00,111.5,112,111.5,111.5,204
2019/5/29,10:15:00,111.5,112,111.5,111.5,177
2019/5/29,10:30:00,111.5,112,111.5,111.5,144
2019/5/29,10:45:00,111.5,112,111.5,111.5,179
2019/5/29,11:00:00,111.5,112,111.5,111.5,240
2019/5/29,11:15:00,111.5,112,111.5,111.5,262
2019/5/29,11:30:00,111.5,112,111.5,112,207
2019/5/29,11:45:00,112,112,111.5,111.5,194
2019/5/29,12:00:00,112,112,111.5,111.5,173
2019/5/29,12:15:00,111.5,112,111.5,112,158
2019/5/29,12:30:00,112,112,111.5,112,124
2019/5/29,12:45:00,112,112,111.5,111.5,305
2019/5/29,13:00:00,111.5,112,111.5,112,508
2019/5/29,13:15:00,111.5,112,111.5,112,1414
2019/5/30,09:00:00,112,112.5,111.5,112.5,445
2019/5/30,09:15:00,112.5,112.5,112,112.5,212
2019/5/30,09:30:00,112,112.5,112,112.5,271
2019/5/30,09:45:00,112.5,112.5,112,112.5,203
2019/5/30,10:00:00,112,112.5,112,112,352
2019/5/30,10:15:00,112.5,112.5,112,112,191
2019/5/30,10:30:00,112.5,112.5,112,112.5,196
2019/5/30,10:45:00,112,112.5,112,112,280
2019/5/30,11:00:00,112.5,112.5,112,112,157
2019/5/30,11:15:00,112,112.5,112,112.5,217
2019/5/30,11:30:00,112.5,112.5,112,112.5,173
2019/5/30,11:45:00,112,112.5,112,112.5,177
2019/5/30,12:00:00,112,112.5,112,112.5,185
2019/5/30,12:15:00,112.5,112.5,112,112.5,333
2019/5/30,12:30:00,112.5,112.5,112,112.5,208
2019/5/30,12:45:00,112,112.5,112,112,206
2019/5/30,13:00:00,112.5,112.5,112,112.5,269
2019/5/30,13:15:00,112.5,112.5,112,112.5,1563
2019/5/31,09:00:00,112,112.5,111.5,112.5,3369
2019/5/31,09:15:00,112.5,112.5,112,112.5,375
2019/5/31,09:30:00,112,112.5,112,112.5,226
2019/5/31,09:45:00,112,112.5,112,112.5,315
2019/5/31,10:00:00,112.5,112.5,112,112,245
2019/5/31,10:15:00,112.5,112.5,112,112.5,366
2019/5/31,10:30:00,112.5,112.5,112,112.5,271
2019/5/31,10:45:00,112,112.5,112,112,208
2019/5/31,11:00:00,112.5,112.5,112,112.5,179
2019/5/31,11:15:00,112.5,112.5,112,112,199
2019/5/31,11:30:00,112.5,112.5,112,112,217
2019/5/31,11:45:00,112.5,112.5,112,112.5,237
2019/5/31,12:00:00,112.5,112.5,112,112.5,195
2019/5/31,12:15:00,112.5,112.5,112,112.5,213
2019/5/31,12:30:00,112.5,112.5,112,112,269
2019/5/31,12:45:00,112.5,112.5,112,112.5,284
2019/5/31,13:00:00,112.5,112.5,112,112.5,441
2019/5/31,13:15:00,112,112.5,112,112.5,3073
2019/6/3,09:00:00,112,113,112,113,1086
2019/6/3,09:15:00,113,113,112.5,113,550
2019/6/3,09:30:00,113,113,112.5,113,173
2019/6/3,09:45:00,112.5,113,112.5,113,159
2019/6/3,10:00:00,112.5,113,112.5,112.5,123
2019/6/3,10:15:00,113,113,112.5,113,276
2019/6/3,10:30:00,113,113,112.5,113,146
2019/6/3,10:45:00,113,113,112.5,113,424
2019/6/3,11:00:00,113,113,112.5,113,299
2019/6/3,11:15:00,113,113,112.5,113,311
2019/6/3,11:30:00,112.5,113,112.5,113,309
2019/6/3,11:45:00,113,113,112.5,112.5,228
2019/6/3,12:00:00,112.5,113,112.5,112.5,171
2019/6/3,12:15:00,112.5,113,112.5,112.5,231
2019/6/3,12:30:00,113,113,112.5,113,281
2019/6/3,12:45:00,113,113,112.5,112.5,187
2019/6/3,13:00:00,113,113,112.5,113,361
2019/6/3,13:15:00,113,113,112.5,113,1566
2019/6/4,09:00:00,113,113.5,112.5,113,1698
2019/6/4,09:15:00,113,113.5,113,113.5,263
2019/6/4,09:30:00,113,113.5,113,113.5,157
2019/6/4,09:45:00,113,113.5,113,113,176
2019/6/4,10:00:00,113,113.5,113,113,610
2019/6/4,10:15:00,113.5,113.5,113,113.5,201
2019/6/4,10:30:00,113,113.5,113,113,218
2019/6/4,10:45:00,113,113.5,112.5,112.5,1513
2019/6/4,11:00:00,112.5,113,112.5,112.5,133
2019/6/4,11:15:00,112.5,113,112.5,112.5,122
2019/6/4,11:30:00,112.5,113,112.5,112.5,88
2019/6/4,11:45:00,112.5,113,112.5,113,106
2019/6/4,12:00:00,113,113,112.5,113,108
2019/6/4,12:15:00,113,113,112.5,112.5,131
2019/6/4,12:30:00,112.5,113,112.5,113,100
2019/6/4,12:45:00,112.5,113,112.5,113,132
2019/6/4,13:00:00,112.5,113,112.5,112.5,172
2019/6/4,13:15:00,113,113,112.5,113,988
2019/6/5,09:00:00,113,113.5,113,113,363
2019/6/5,09:15:00,113.5,113.5,112.5,112.5,1035
2019/6/5,09:30:00,112.5,113,112.5,112.5,45
2019/6/5,09:45:00,113,113.5,112.5,113.5,397
2019/6/5,10:00:00,113,113.5,113,113.5,134
2019/6/5,10:15:00,113.5,113.5,113,113.5,120
2019/6/5,10:30:00,113.5,113.5,113,113.5,211
2019/6/5,10:45:00,113.5,113.5,113,113,208
2019/6/5,11:00:00,113.5,113.5,113,113.5,214
2019/6/5,11:15:00,113.5,113.5,113,113.5,221
2019/6/5,11:30:00,113.5,113.5,113,113.5,333
2019/6/5,11:45:00,113.5,113.5,113,113.5,309
2019/6/5,12:00:00,113.5,113.5,113,113.5,224
2019/6/5,12:15:00,113.5,113.5,113,113.5,275
2019/6/5,12:30:00,113.5,113.5,113,113.5,292
2019/6/5,12:45:00,113,113.5,113,113.5,263
2019/6/5,13:00:00,113.5,113.5,113,113.5,272
2019/6/5,13:15:00,113.5,113.5,113,113.5,2277
2019/6/6,09:00:00,113,113.5,113,113,161
2019/6/6,09:15:00,113,113.5,113,113,104
2019/6/6,09:30:00,113,113.5,113,113.5,65
2019/6/6,09:45:00,113,113.5,113,113,74
2019/6/6,10:00:00,113,113.5,113,113,52
2019/6/6,10:15:00,113.5,113.5,113,113.5,83
2019/6/6,10:30:00,113,113.5,113,113,87
2019/6/6,10:45:00,113.5,113.5,113,113,67
2019/6/6,11:00:00,113.5,113.5,113,113,61
2019/6/6,11:15:00,113,113.5,113,113.5,80
2019/6/6,11:30:00,113,113.5,113,113.5,41
2019/6/6,11:45:00,113.5,113.5,113,113,53
2019/6/6,12:00:00,113,113.5,113,113.5,104
2019/6/6,12:15:00,113.5,113.5,113,113,111
2019/6/6,12:30:00,113.5,113.5,113,113.5,80
2019/6/6,12:45:00,113,113.5,113,113.5,64
2019/6/6,13:00:00,113,113.5,113,113,89
2019/6/6,13:15:00,113,113.5,113,113.5,1172
2019/6/10,09:00:00,113.5,114,113.5,113.5,555
2019/6/10,09:15:00,113.5,114,113.5,113.5,178
2019/6/10,09:30:00,113.5,114,113.5,114,266
2019/6/10,09:45:00,114,114,113.5,113.5,113
2019/6/10,10:00:00,113.5,114,113.5,114,293
2019/6/10,10:15:00,114,114,113.5,114,211
2019/6/10,10:30:00,114,114,113.5,113.5,221
2019/6/10,10:45:00,113.5,114,113.5,113.5,164
2019/6/10,11:00:00,113.5,114,113.5,113.5,199
2019/6/10,11:15:00,114,114,113.5,113.5,111
2019/6/10,11:30:00,113.5,114,113.5,113.5,149
2019/6/10,11:45:00,113.5,114,113.5,114,155
2019/6/10,12:00:00,114,114,113.5,114,79
2019/6/10,12:15:00,114,114,113.5,114,125
2019/6/10,12:30:00,113.5,114,113.5,113.5,104
2019/6/10,12:45:00,114,114,113.5,113.5,143
2019/6/10,13:00:00,114,114,113.5,113.5,192
2019/6/10,13:15:00,113.5,114,113.5,114,1542
2019/6/11,09:00:00,114,114,113.5,113.5,277
2019/6/11,09:15:00,113.5,114,113.5,113.5,136
2019/6/11,09:30:00,113.5,114,113.5,113.5,265
2019/6/11,09:45:00,113.5,114,113.5,114,96
2019/6/11,10:00:00,113.5,114,113.5,113.5,94
2019/6/11,10:15:00,113.5,114,113.5,114,448
2019/6/11,10:30:00,114,114,113.5,114,245
2019/6/11,10:45:00,114,114,113.5,114,141
2019/6/11,11:00:00,114,114,113.5,114,224
2019/6/11,11:15:00,114,114,113.5,114,108
2019/6/11,11:30:00,114,114,113.5,113.5,116
2019/6/11,11:45:00,113.5,114,113.5,114,158
2019/6/11,12:00:00,114,114,113.5,114,270
2019/6/11,12:15:00,114,114,113.5,114,235
2019/6/11,12:30:00,113.5,114,113.5,114,173
2019/6/11,12:45:00,114,114,113.5,114,219
2019/6/11,13:00:00,114,114,113.5,113.5,224
2019/6/11,13:15:00,113.5,113.5,113,113.5,1206
2019/6/12,09:00:00,113,113.5,113,113,682
2019/6/12,09:15:00,113,113.5,113,113.5,188
2019/6/12,09:30:00,113,113.5,113,113.5,139
2019/6/12,09:45:00,113.5,113.5,113,113,175
2019/6/12,10:00:00,113,113.5,113,113.5,162
2019/6/12,10:15:00,113.5,113.5,113,113,156
2019/6/12,10:30:00,113,113.5,113,113.5,180
2019/6/12,10:45:00,113,113.5,113,113,177
2019/6/12,11:00:00,113,113.5,113,113,636
2019/6/12,11:15:00,113,113.5,113,113,231
2019/6/12,11:30:00,113,113.5,113,113.5,176
2019/6/12,11:45:00,113,113.5,113,113,580
2019/6/12,12:00:00,113.5,113.5,113,113,209
2019/6/12,12:15:00,113,113.5,113,113.5,344
2019/6/12,12:30:00,113,113.5,113,113,198
2019/6/12,12:45:00,113,113.5,113,113.5,185
2019/6/12,13:00:00,113,113.5,113,113,858
2019/6/12,13:15:00,113,113.5,112.5,113,2146
2019/6/13,09:00:00,113,113,112.5,113,419
2019/6/13,09:15:00,112.5,113,112.5,112.5,177
2019/6/13,09:30:00,113,113,112.5,112.5,324
2019/6/13,09:45:00,113,113,112.5,112.5,186
2019/6/13,10:00:00,113,113,112.5,112.5,286
2019/6/13,10:15:00,113,113,112.5,112.5,255
2019/6/13,10:30:00,112.5,113,112.5,113,298
2019/6/13,10:45:00,112.5,113,112.5,112.5,253
2019/6/13,11:00:00,113,113,112.5,113,253
2019/6/13,11:15:00,113,113,112.5,112.5,219
2019/6/13,11:30:00,113,113,112.5,112.5,194
2019/6/13,11:45:00,113,113,112.5,112.5,310
2019/6/13,12:00:00,112.5,113,112.5,112.5,159
2019/6/13,12:15:00,112.5,113,112.5,112.5,218
2019/6/13,12:30:00,112.5,113,112.5,112.5,168
2019/6/13,12:45:00,112.5,113,112.5,112.5,256
2019/6/13,13:00:00,112.5,113,112.5,113,275
2019/6/13,13:15:00,113,113,112.5,113,1395
2019/6/14,09:00:00,112.5,113,112,112,538
2019/6/14,09:15:00,112,113,112,112.5,823
2019/6/14,09:30:00,112.5,113,112,112,797
2019/6/14,09:45:00,112,112.5,112,112,55
2019/6/14,10:00:00,112,112.5,112,112,102
2019/6/14,10:15:00,112,112.5,112,112,113
2019/6/14,10:30:00,112,112.5,112,112,155
2019/6/14,10:45:00,112,112.5,112,112,213
2019/6/14,11:00:00,112,112.5,112,112,200
2019/6/14,11:15:00,112.5,112.5,112,112,217
2019/6/14,11:30:00,112,112.5,112,112,187
2019/6/14,11:45:00,112,112.5,112,112,182
2019/6/14,12:00:00,112,112.5,112,112,897
2019/6/14,12:15:00,112,112.5,112,112,159
2019/6/14,12:30:00,112,112.5,112,112,216
2019/6/14,12:45:00,112,112.5,112,112.5,240
2019/6/14,13:00:00,112,112.5,112,112,250
2019/6/14,13:15:00,112,112.5,112,112.5,1248
2019/6/17,09:00:00,112.5,112.5,112,112,236
2019/6/17,09:15:00,112,112.5,112,112,188
2019/6/17,09:30:00,112,112.5,112,112.5,453
2019/6/17,09:45:00,112.5,112.5,112,112.5,270
2019/6/17,10:00:00,112.5,112.5,112,112.5,203
2019/6/17,10:15:00,112,112.5,112,112,271
2019/6/17,10:30:00,112.5,112.5,112,112.5,259
2019/6/17,10:45:00,112.5,112.5,112,112,278
2019/6/17,11:00:00,112,112.5,112,112.5,255
2019/6/17,11:15:00,112,112.5,112,112,283
2019/6/17,11:30:00,112,112.5,112,112,295
2019/6/17,11:45:00,112,112.5,112,112,294
2019/6/17,12:00:00,112.5,112.5,112,112,326
2019/6/17,12:15:00,112,112.5,112,112.5,1380
2019/6/17,12:30:00,112.5,112.5,112,112,347
2019/6/17,12:45:00,112.5,112.5,112,112,1176
2019/6/17,13:00:00,112.5,112.5,112,112,328
2019/6/17,13:15:00,112.5,112.5,112,112,1455
2019/6/18,09:00:00,112,112,111.5,112,250
2019/6/18,09:15:00,112,112,111.5,112,277
2019/6/18,09:30:00,112,112,111.5,112,209
2019/6/18,09:45:00,112,112,111.5,112,311
2019/6/18,10:00:00,112,112,111.5,112,253
2019/6/18,10:15:00,111.5,112,111.5,112,232
2019/6/18,10:30:00,111.5,112,111.5,111.5,203
2019/6/18,10:45:00,111.5,112,111.5,112,238
2019/6/18,11:00:00,111.5,112,111.5,111.5,209
2019/6/18,11:15:00,111.5,112,111.5,111.5,235
2019/6/18,11:30:00,111.5,112,111.5,111.5,233
2019/6/18,11:45:00,111.5,112,111.5,111.5,205
2019/6/18,12:00:00,111.5,112,111.5,112,213
2019/6/18,12:15:00,111.5,112,111.5,112,238
2019/6/18,12:30:00,111.5,112,111.5,112,321
2019/6/18,12:45:00,112,112,111.5,112,324
2019/6/18,13:00:00,111.5,112,111.5,112,260
2019/6/18,13:15:00,112,112,111.5,112,1812
2019/6/19,09:00:00,112.5,113,112,113,1004
2019/6/19,09:15:00,113,113,112.5,113,218
2019/6/19,09:30:00,113,113,112.5,113,328
2019/6/19,09:45:00,112.5,113,112.5,112.5,138
2019/6/19,10:00:00,113,113,112.5,113,145
2019/6/19,10:15:00,113,113,112.5,113,167
2019/6/19,10:30:00,113,113,112.5,112.5,241
2019/6/19,10:45:00,112.5,113,112.5,112.5,160
2019/6/19,11:00:00,112.5,113,112.5,112.5,192
2019/6/19,11:15:00,112.5,113,112.5,112.5,240
2019/6/19,11:30:00,112.5,113,112.5,112.5,233
2019/6/19,11:45:00,112.5,113,112.5,112.5,238
2019/6/19,12:00:00,112.5,113,112.5,112.5,266
2019/6/19,12:15:00,112.5,113,112.5,112.5,355
2019/6/19,12:30:00,113,113,112.5,112.5,504
2019/6/19,12:45:00,112.5,113.5,112.5,113,2929
2019/6/19,13:00:00,113.5,113.5,113,113.5,897
2019/6/19,13:15:00,113.5,113.5,113,113.5,1182
2019/6/20,09:00:00,112.5,113,112.5,113,1357
2019/6/20,09:15:00,113,113,112.5,112.5,129
2019/6/20,09:30:00,113,113,112.5,112.5,358
2019/6/20,09:45:00,112.5,113,112.5,112.5,323
2019/6/20,10:00:00,112.5,113,112.5,112.5,387
2019/6/20,10:15:00,112.5,113,112.5,113,360
2019/6/20,10:30:00,112.5,113,112.5,112.5,320
2019/6/20,10:45:00,112.5,113,112.5,112.5,258
2019/6/20,11:00:00,112.5,113,112.5,112.5,151
2019/6/20,11:15:00,112.5,113,112.5,112.5,327
2019/6/20,11:30:00,112.5,113,112.5,112.5,238
2019/6/20,11:45:00,112.5,113,112.5,112.5,244
2019/6/20,12:00:00,112.5,113,112,112,849
2019/6/20,12:15:00,112,112.5,112,112,254
2019/6/20,12:30:00,112.5,112.5,112,112,181
2019/6/20,12:45:00,112,112.5,112,112.5,105
2019/6/20,13:00:00,112.5,112.5,112,112,188
2019/6/20,13:15:00,112,112.5,112,112.5,1708
2019/6/21,09:00:00,112.5,113,112,112.5,190
2019/6/21,09:15:00,113,113,112.5,113,100
2019/6/21,09:30:00,113,113,112.5,112.5,395
2019/6/21,09:45:00,113,113,112.5,112.5,137
2019/6/21,10:00:00,112.5,113,112.5,113,61
2019/6/21,10:15:00,112.5,113,112.5,113,96
2019/6/21,10:30:00,112.5,113,112.5,113,135
2019/6/21,10:45:00,112.5,113,112.5,113,103
2019/6/21,11:00:00,113,113,112.5,113,116
2019/6/21,11:15:00,112.5,113,112.5,113,318
2019/6/21,11:30:00,112.5,113,112.5,112.5,147
2019/6/21,11:45:00,112.5,113,112.5,112.5,161
2019/6/21,12:00:00,113,113,112.5,113,243
2019/6/21,12:15:00,113,113,112.5,113,301
2019/6/21,12:30:00,112.5,113,112.5,113,217
2019/6/21,12:45:00,113,113,112.5,113,209
2019/6/21,13:00:00,113,113,112.5,113,258
2019/6/21,13:15:00,113,113.5,112.5,113.5,6567
2019/6/24,09:00:00,113.5,113.5,113,113.5,296
2019/6/24,09:15:00,113.5,113.5,113,113,164
2019/6/24,09:30:00,113.5,113.5,113,113.5,312
2019/6/24,09:45:00,113,113.5,113,113,161
2019/6/24,10:00:00,113.5,113.5,113,113,163
2019/6/24,10:15:00,113,113.5,113,113.5,267
2019/6/24,10:30:00,113.5,113.5,113,113.5,109
2019/6/24,10:45:00,113.5,113.5,113,113.5,228
2019/6/24,11:00:00,113,113.5,113,113.5,160
2019/6/24,11:15:00,113,113.5,113,113,175
2019/6/24,11:30:00,113,114,113,113.5,567
2019/6/24,11:45:00,113.5,114,113.5,113.5,123
2019/6/24,12:00:00,114,114,113.5,114,143
2019/6/24,12:15:00,113.5,114,113.5,113.5,121
2019/6/24,12:30:00,114,114,113.5,114,144
2019/6/24,12:45:00,114,114,113.5,113.5,484
2019/6/24,13:00:00,114,114,113.5,114,595
2019/6/24,13:15:00,114,114,113.5,114,954
2019/6/25,09:00:00,113.5,114,113.5,113.5,207
2019/6/25,09:15:00,113.5,114,113,113.5,945
2019/6/25,09:30:00,113.5,114,113.5,113.5,239
2019/6/25,09:45:00,113.5,114,113.5,113.5,172
2019/6/25,10:00:00,113.5,114,113,113.5,294
2019/6/25,10:15:00,113.5,114,113,113.5,146
2019/6/25,10:30:00,113.5,113.5,113,113,131
2019/6/25,10:45:00,113.5,113.5,113,113.5,92
2019/6/25,11:00:00,113,114,113,114,365
2019/6/25,11:15:00,113.5,114,113.5,113.5,69
2019/6/25,11:30:00,113.5,114,113.5,113.5,116
2019/6/25,11:45:00,113.5,114,113.5,114,99
2019/6/25,12:00:00,113.5,114,113.5,114,197
2019/6/25,12:15:00,113.5,114,113.5,113.5,408
2019/6/25,12:30:00,114,114,113.5,113.5,154
2019/6/25,12:45:00,113.5,114,113.5,113.5,96
2019/6/25,13:00:00,114,114,113.5,113.5,179
2019/6/25,13:15:00,113.5,114,113.5,114,1129
2019/6/26,09:00:00,114,114,113.5,114,295
2019/6/26,09:15:00,114,114,113.5,114,144
2019/6/26,09:30:00,114,114,113.5,114,390
2019/6/26,09:45:00,114,114,113.5,113.5,149
2019/6/26,10:00:00,114,114,113.5,114,169
2019/6/26,10:15:00,114,114,113.5,114,116
2019/6/26,10:30:00,114,114,113.5,114,485
2019/6/26,10:45:00,113.5,114,113.5,113.5,163
2019/6/26,11:00:00,113.5,114,113.5,114,121
2019/6/26,11:15:00,114,114,113.5,114,106
2019/6/26,11:30:00,113.5,114,113.5,114,130
2019/6/26,11:45:00,114,114,113.5,114,72
2019/6/26,12:00:00,113.5,114,113.5,114,151
2019/6/26,12:15:00,114,114,113.5,114,63
2019/6/26,12:30:00,114,114,113.5,114,138
2019/6/26,12:45:00,114,114,113.5,113.5,185
2019/6/26,13:00:00,114,114,113.5,114,336
2019/6/26,13:15:00,114,114,113.5,114,1706
2019/6/27,09:00:00,114,114,113.5,113.5,104
2019/6/27,09:15:00,114,114,113.5,113.5,128
2019/6/27,09:30:00,113.5,114,113.5,113.5,571
2019/6/27,09:45:00,113.5,114,113.5,113.5,902
2019/6/27,10:00:00,113.5,114,113.5,114,418
2019/6/27,10:15:00,113.5,114,113.5,114,397
2019/6/27,10:30:00,113.5,114,113.5,114,336
2019/6/27,10:45:00,113.5,114,113.5,113.5,362
2019/6/27,11:00:00,113.5,114,113.5,113.5,294
2019/6/27,11:15:00,113.5,114,113.5,113.5,926
2019/6/27,11:30:00,113.5,114,113,113.5,733
2019/6/27,11:45:00,113.5,113.5,113,113.5,182
2019/6/27,12:00:00,113,113.5,113,113,148
2019/6/27,12:15:00,113,113.5,113,113.5,101
2019/6/27,12:30:00,113,113.5,113,113.5,84
2019/6/27,12:45:00,113.5,113.5,113,113,170
2019/6/27,13:00:00,113,113.5,113,113.5,968
2019/6/27,13:15:00,113.5,113.5,113,113.5,1978
2019/6/28,09:00:00,113.5,114,113.5,114,234
2019/6/28,09:15:00,113.5,114,113,113,1124
2019/6/28,09:30:00,113.5,113.5,113,113.5,46
2019/6/28,09:45:00,113.5,113.5,113,113,90
2019/6/28,10:00:00,113.5,113.5,113,113.5,124
2019/6/28,10:15:00,113.5,113.5,113,113.5,122
2019/6/28,10:30:00,113.5,113.5,113,113.5,121
2019/6/28,10:45:00,113.5,114,113,113.5,1390
2019/6/28,11:00:00,113.5,113.5,113.5,113.5,132
2019/6/28,11:15:00,113.5,114,113,114,221
2019/6/28,11:30:00,114,114,113.5,114,58
2019/6/28,11:45:00,114,114,113,113.5,640
2019/6/28,12:00:00,113.5,113.5,113,113.5,112
2019/6/28,12:15:00,113.5,113.5,113,113.5,94
2019/6/28,12:30:00,113.5,113.5,113,113.5,115
2019/6/28,12:45:00,113.5,113.5,113,113.5,210
2019/6/28,13:00:00,113.5,113.5,113,113.5,254
2019/6/28,13:15:00,113.5,113.5,113,113,1304
2019/7/1,09:00:00,113.5,114,113,113,608
2019/7/1,09:15:00,113.5,113.5,113,113.5,173
2019/7/1,09:30:00,113.5,113.5,113,113,172
2019/7/1,09:45:00,113,113.5,113,113.5,188
2019/7/1,10:00:00,113.5,113.5,113,113,115
2019/7/1,10:15:00,113,113.5,113,113.5,197
2019/7/1,10:30:00,113.5,113.5,113,113,318
2019/7/1,10:45:00,113,113.5,113,113.5,371
2019/7/1,11:00:00,113.5,113.5,113,113,411
2019/7/1,11:15:00,113.5,113.5,113,113.5,323
2019/7/1,11:30:00,113,113.5,113,113.5,300
2019/7/1,11:45:00,113,113.5,113,113,354
2019/7/1,12:00:00,113.5,113.5,113,113,289
2019/7/1,12:15:00,113.5,113.5,113,113.5,368
2019/7/1,12:30:00,113.5,113.5,113,113,428
2019/7/1,12:45:00,113.5,113.5,113,113,381
2019/7/1,13:00:00,113.5,113.5,113,113.5,204
2019/7/1,13:15:00,113.5,113.5,113,113,635
2019/7/2,09:00:00,113,113.5,113,113.5,549
2019/7/2,09:15:00,113.5,113.5,113,113.5,177
2019/7/2,09:30:00,113.5,113.5,113,113.5,234
2019/7/2,09:45:00,113,113.5,113,113,275
2019/7/2,10:00:00,113.5,113.5,113,113.5,628
2019/7/2,10:15:00,113.5,113.5,113,113,226
2019/7/2,10:30:00,113.5,113.5,113,113.5,272
2019/7/2,10:45:00,113,113.5,113,113,249
2019/7/2,11:00:00,113.5,113.5,113,113.5,226
2019/7/2,11:15:00,113.5,113.5,113,113,227
2019/7/2,11:30:00,113.5,113.5,113,113.5,233
2019/7/2,11:45:00,113.5,113.5,113,113.5,233
2019/7/2,12:00:00,113.5,113.5,113,113.5,254
2019/7/2,12:15:00,113.5,113.5,113,113,237
2019/7/2,12:30:00,113.5,113.5,113,113.5,372
2019/7/2,12:45:00,113,113.5,113,113.5,357
2019/7/2,13:00:00,113.5,113.5,113,113.5,138
2019/7/2,13:15:00,113,113.5,113,113.5,572
2019/7/3,09:00:00,113,113.5,113,113.5,287
2019/7/3,09:15:00,113.5,113.5,113,113.5,53
2019/7/3,09:30:00,113.5,113.5,113,113.5,87
2019/7/3,09:45:00,113.5,113.5,113,113,187
2019/7/3,10:00:00,113.5,113.5,113,113.5,81
2019/7/3,10:15:00,113.5,113.5,113,113.5,123
2019/7/3,10:30:00,113,113.5,113,113.5,312
2019/7/3,10:45:00,113.5,113.5,113,113.5,106
2019/7/3,11:00:00,113.5,113.5,113,113.5,67
2019/7/3,11:15:00,113.5,113.5,113,113,76
2019/7/3,11:30:00,113,113.5,113,113,82
2019/7/3,11:45:00,113.5,113.5,113,113.5,101
2019/7/3,12:00:00,113.5,113.5,113,113.5,97
2019/7/3,12:15:00,113.5,113.5,113,113.5,95
2019/7/3,12:30:00,113,113.5,113,113,93
2019/7/3,12:45:00,113.5,113.5,113,113.5,153
2019/7/3,13:00:00,113.5,113.5,113,113,262
2019/7/3,13:15:00,113.5,113.5,113,113.5,706
2019/7/4,09:00:00,113.5,113.5,113,113.5,102
2019/7/4,09:15:00,113,113.5,113,113,72
2019/7/4,09:30:00,113,113.5,113,113,60
2019/7/4,09:45:00,113,113.5,113,113.5,379
2019/7/4,10:00:00,113.5,113.5,113,113.5,91
2019/7/4,10:15:00,113.5,113.5,113,113.5,96
2019/7/4,10:30:00,113.5,113.5,113,113.5,364
2019/7/4,10:45:00,113.5,113.5,113,113.5,151
2019/7/4,11:00:00,113,113.5,113,113.5,63
2019/7/4,11:15:00,113.5,113.5,113,113.5,100
2019/7/4,11:30:00,113.5,113.5,113,113.5,379
2019/7/4,11:45:00,113.5,113.5,113,113.5,80
2019/7/4,12:00:00,113.5,113.5,113,113.5,1040
2019/7/4,12:15:00,113.5,113.5,113,113.5,427
2019/7/4,12:30:00,113,113.5,113,113.5,122
2019/7/4,12:45:00,113.5,113.5,113,113,72
2019/7/4,13:00:00,113.5,113.5,113,113,2832
2019/7/4,13:15:00,113,113,112.5,113,425
2019/7/5,09:00:00,113,113.5,113,113.5,346
2019/7/5,09:15:00,113.5,113.5,113,113,61
2019/7/5,09:30:00,113,113.5,113,113.5,59
2019/7/5,09:45:00,113,113.5,113,113.5,126
2019/7/5,10:00:00,113,113.5,113,113.5,213
2019/7/5,10:15:00,113.5,113.5,113,113,83
2019/7/5,10:30:00,113.5,113.5,113,113,80
2019/7/5,10:45:00,113,113.5,113,113.5,170
2019/7/5,11:00:00,113.5,113.5,113,113.5,169
2019/7/5,11:15:00,113.5,113.5,113,113.5,62
2019/7/5,11:30:00,113.5,113.5,113,113,106
2019/7/5,11:45:00,113.5,113.5,113,113.5,125
2019/7/5,12:00:00,113.5,113.5,113,113,66
2019/7/5,12:15:00,113,113.5,113,113.5,189
2019/7/5,12:30:00,113,113.5,113,113,179
2019/7/5,12:45:00,113.5,113.5,113,113.5,122
2019/7/5,13:00:00,113.5,113.5,113,113.5,184
2019/7/5,13:15:00,113,113.5,113,113.5,616
2019/7/8,09:00:00,113.5,114,113,113.5,2283
2019/7/8,09:15:00,113.5,114,113.5,114,311
2019/7/8,09:30:00,114,114,113.5,113.5,415
2019/7/8,09:45:00,113.5,113.5,113,113.5,535
2019/7/8,10:00:00,113.5,113.5,113,113.5,46
2019/7/8,10:15:00,113.5,113.5,113,113.5,120
2019/7/8,10:30:00,113.5,113.5,113,113.5,151
2019/7/8,10:45:00,113.5,113.5,113,113.5,138
2019/7/8,11:00:00,113.5,113.5,113,113.5,58
2019/7/8,11:15:00,113.5,113.5,113,113.5,64
2019/7/8,11:30:00,113.5,113.5,113,113.5,117
2019/7/8,11:45:00,113.5,113.5,113,113.5,101
2019/7/8,12:00:00,113,113.5,113,113.5,80
2019/7/8,12:15:00,113.5,113.5,113,113.5,163
2019/7/8,12:30:00,113.5,113.5,113,113.5,69
2019/7/8,12:45:00,113.5,113.5,113,113.5,79
2019/7/8,13:00:00,113,113.5,113,113.5,110
2019/7/8,13:15:00,113.5,114,113,114,766
2019/7/9,09:00:00,114,114,113.5,114,183
2019/7/9,09:15:00,113.5,114,113.5,113.5,1208
2019/7/9,09:30:00,113.5,113.5,113.5,113.5,164
2019/7/9,09:45:00,113.5,113.5,113,113.5,105
2019/7/9,10:00:00,113.5,113.5,113,113.5,63
2019/7/9,10:15:00,113.5,113.5,113,113.5,84
2019/7/9,10:30:00,113.5,113.5,113,113.5,335
2019/7/9,10:45:00,113.5,113.5,113,113.5,76
2019/7/9,11:00:00,113.5,113.5,113,113.5,119
2019/7/9,11:15:00,113.5,113.5,113,113.5,84
2019/7/9,11:30:00,113.5,113.5,113,113.5,186
2019/7/9,11:45:00,113.5,113.5,113,113.5,156
2019/7/9,12:00:00,113.5,113.5,113,113.5,121
2019/7/9,12:15:00,113,113.5,113,113.5,151
2019/7/9,12:30:00,113.5,113.5,113,113.5,130
2019/7/9,12:45:00,113,113.5,113,113.5,129
2019/7/9,13:00:00,113.5,113.5,113,113,172
2019/7/9,13:15:00,113.5,113.5,113,113.5,979
2019/7/10,09:00:00,113.5,113.5,113,113,620
2019/7/10,09:15:00,113.5,113.5,113,113,58
2019/7/10,09:30:00,113.5,113.5,113,113,106
2019/7/10,09:45:00,113,113.5,113,113.5,78
2019/7/10,10:00:00,113.5,113.5,113,113.5,83
2019/7/10,10:15:00,113.5,113.5,113,113.5,78
2019/7/10,10:30:00,113,113.5,113,113.5,260
2019/7/10,10:45:00,113.5,113.5,113,113.5,59
2019/7/10,11:00:00,113.5,113.5,113,113.5,116
2019/7/10,11:15:00,113.5,113.5,113,113.5,330
2019/7/10,11:30:00,113.5,113.5,113,113.5,58
2019/7/10,11:45:00,113.5,113.5,113,113.5,319
2019/7/10,12:00:00,113.5,113.5,113,113.5,159
2019/7/10,12:15:00,113,113.5,113,113.5,149
2019/7/10,12:30:00,113,113.5,113,113.5,100
2019/7/10,12:45:00,113,113.5,113,113.5,111
2019/7/10,13:00:00,113.5,113.5,113,113.5,443
2019/7/10,13:15:00,113.5,113.5,113,113.5,1059
2019/7/11,09:00:00,113.5,113.5,113,113.5,194
2019/7/11,09:15:00,113,113.5,113,113.5,258
2019/7/11,09:30:00,113.5,113.5,113,113,198
2019/7/11,09:45:00,113.5,113.5,113,113,126
2019/7/11,10:00:00,113.5,113.5,113,113,190
2019/7/11,10:15:00,113,113.5,113,113.5,232
2019/7/11,10:30:00,113,113.5,113,113.5,216
2019/7/11,10:45:00,113,113.5,113,113,76
2019/7/11,11:00:00,113,113.5,113,113.5,216
2019/7/11,11:15:00,113,113.5,113,113.5,291
2019/7/11,11:30:00,113.5,113.5,113,113.5,155
2019/7/11,11:45:00,113.5,113.5,113,113.5,159
2019/7/11,12:00:00,113.5,113.5,113,113,415
2019/7/11,12:15:00,113.5,113.5,113,113,180
2019/7/11,12:30:00,113.5,113.5,113,113.5,168
2019/7/11,12:45:00,113.5,113.5,113,113.5,270
2019/7/11,13:00:00,113.5,113.5,113,113.5,360
2019/7/11,13:15:00,113.5,113.5,113,113.5,749
2019/7/12,09:00:00,113,113.5,113,113.5,395
2019/7/12,09:15:00,113,113.5,113,113,161
2019/7/12,09:30:00,113,113.5,113,113,265
2019/7/12,09:45:00,113,113.5,113,113,199
2019/7/12,10:00:00,113.5,113.5,113,113,289
2019/7/12,10:15:00,113,113.5,113,113.5,141
2019/7/12,10:30:00,113,113.5,113,113,208
2019/7/12,10:45:00,113,113.5,113,113,165
2019/7/12,11:00:00,113.5,113.5,113,113,242
2019/7/12,11:15:00,113,113.5,113,113,141
2019/7/12,11:30:00,113,113.5,113,113,960
2019/7/12,11:45:00,113,113.5,113,113,227
2019/7/12,12:00:00,113.5,113.5,113,113.5,167
2019/7/12,12:15:00,113,113.5,113,113.5,125
2019/7/12,12:30:00,113,113.5,113,113.5,153
2019/7/12,12:45:00,113,113.5,113,113,221
2019/7/12,13:00:00,113,113.5,113,113,1000
2019/7/12,13:15:00,113,113.5,113,113,643
2019/7/15,09:00:00,113,113,112.5,113,427
2019/7/15,09:15:00,113,113,112.5,113,101
2019/7/15,09:30:00,113,113,112.5,112.5,552
2019/7/15,09:45:00,112.5,113,112.5,113,184
2019/7/15,10:00:00,113,113,112.5,112.5,112
2019/7/15,10:15:00,113,113,112.5,112.5,86
2019/7/15,10:30:00,112.5,113,112.5,113,153
2019/7/15,10:45:00,112.5,113,112.5,112.5,127
2019/7/15,11:00:00,112.5,113,112.5,113,106
2019/7/15,11:15:00,113,113,112.5,112.5,134
2019/7/15,11:30:00,112.5,113,112.5,113,135
2019/7/15,11:45:00,112.5,113,112.5,112.5,98
2019/7/15,12:00:00,112.5,113,112.5,112.5,112
2019/7/15,12:15:00,112.5,113,112.5,113,82
2019/7/15,12:30:00,112.5,113,112.5,113,116
2019/7/15,12:45:00,113,113,112.5,113,152
2019/7/15,13:00:00,112.5,113,112.5,113,218
2019/7/15,13:15:00,112.5,113,112.5,112.5,838
2019/7/16,09:00:00,112.5,113,112,112.5,963
2019/7/16,09:15:00,112,112.5,112,112,212
2019/7/16,09:30:00,112.5,112.5,112,112,188
2019/7/16,09:45:00,112,112.5,112,112,217
2019/7/16,10:00:00,112,112.5,112,112,196
2019/7/16,10:15:00,112,112.5,112,112,237
2019/7/16,10:30:00,112,112.5,112,112,481
2019/7/16,10:45:00,112,112.5,112,112,592
2019/7/16,11:00:00,112,112.5,112,112,788
2019/7/16,11:15:00,112,112.5,112,112,478
2019/7/16,11:30:00,112,112.5,112,112,464
2019/7/16,11:45:00,112,112.5,112,112,1205
2019/7/16,12:00:00,112,112.5,111.5,111.5,688
2019/7/16,12:15:00,111.5,112,111.5,111.5,199
2019/7/16,12:30:00,111.5,112,111.5,111.5,170
2019/7/16,12:45:00,112,112,111.5,111.5,218
2019/7/16,13:00:00,111.5,112,111.5,111.5,261
2019/7/16,13:15:00,111.5,112,111.5,111.5,1093
2019/7/17,09:00:00,111.5,112,111,111,1286
2019/7/17,09:15:00,111.5,111.5,111,111,235
2019/7/17,09:30:00,111,111.5,111,111.5,483
2019/7/17,09:45:00,111.5,111.5,111,111,362
2019/7/17,10:00:00,111,111.5,111,111,399
2019/7/17,10:15:00,111,111.5,111,111,445
2019/7/17,10:30:00,111,111.5,111,111,520
2019/7/17,10:45:00,111.5,111.5,111,111,456
2019/7/17,11:00:00,111,111.5,111,111,369
2019/7/17,11:15:00,111,111.5,111,111,358
2019/7/17,11:30:00,111,111.5,111,111,416
2019/7/17,11:45:00,111,111.5,111,111.5,330
2019/7/17,12:00:00,111,111.5,111,111,184
2019/7/17,12:15:00,111,111.5,111,111.5,492
2019/7/17,12:30:00,111.5,111.5,111,111,251
2019/7/17,12:45:00,111.5,112,111,112,1358
2019/7/17,13:00:00,112,112,111.5,111.5,396
2019/7/17,13:15:00,111.5,112,111.5,112,1344
2019/7/18,09:00:00,112,112,111.5,111.5,183
2019/7/18,09:15:00,112,112,111.5,111.5,147
2019/7/18,09:30:00,112,112,111.5,111.5,207
2019/7/18,09:45:00,112,112,111.5,111.5,213
2019/7/18,10:00:00,111.5,112,111.5,111.5,172
2019/7/18,10:15:00,112,112,111.5,112,178
2019/7/18,10:30:00,112,112,111.5,111.5,204
2019/7/18,10:45:00,112,112,111.5,111.5,129
2019/7/18,11:00:00,111.5,112,111.5,111.5,182
2019/7/18,11:15:00,112,112,111.5,111.5,144
2019/7/18,11:30:00,111.5,112,111.5,111.5,275
2019/7/18,11:45:00,112,112,111.5,112,86
2019/7/18,12:00:00,112,112,111.5,111.5,183
2019/7/18,12:15:00,111.5,112,111.5,111.5,159
2019/7/18,12:30:00,111.5,112,111.5,111.5,99
2019/7/18,12:45:00,111.5,112,111.5,111.5,126
2019/7/18,13:00:00,111.5,112,111.5,111.5,208
2019/7/18,13:15:00,111.5,112,111.5,112,891
2019/7/19,09:00:00,112,112.5,112,112.5,745
2019/7/19,09:15:00,112,112.5,112,112.5,179
2019/7/19,09:30:00,112,112.5,112,112.5,221
2019/7/19,09:45:00,112.5,112.5,112,112.5,244
2019/7/19,10:00:00,112,112.5,112,112.5,382
2019/7/19,10:15:00,112.5,112.5,112,112,192
2019/7/19,10:30:00,112,112.5,112,112.5,251
2019/7/19,10:45:00,112.5,112.5,112,112.5,153
2019/7/19,11:00:00,112.5,112.5,112,112,130
2019/7/19,11:15:00,112,112.5,112,112.5,199
2019/7/19,11:30:00,112,112.5,112,112,138
2019/7/19,11:45:00,112.5,112.5,112,112.5,127
2019/7/19,12:00:00,112,112.5,112,112.5,292
2019/7/19,12:15:00,112.5,112.5,112,112.5,187
2019/7/19,12:30:00,112.5,112.5,112,112,166
2019/7/19,12:45:00,112.5,112.5,112,112,195
2019/7/19,13:00:00,112.5,112.5,112,112.5,260
2019/7/19,13:15:00,112,112.5,112,112,642
2019/7/22,09:00:00,112,112.5,112,112,532
2019/7/22,09:15:00,112,112.5,112,112.5,92
2019/7/22,09:30:00,112.5,112.5,112,112.5,115
2019/7/22,09:45:00,112,112.5,112,112,112
2019/7/22,10:00:00,112.5,112.5,112,112.5,166
2019/7/22,10:15:00,112.5,112.5,112,112.5,110
2019/7/22,10:30:00,112.5,112.5,112,112,130
2019/7/22,10:45:00,112.5,112.5,112,112,216
2019/7/22,11:00:00,112,112.5,112,112.5,236
2019/7/22,11:15:00,112,112.5,112,112.5,173
2019/7/22,11:30:00,112.5,112.5,112,112.5,190
2019/7/22,11:45:00,112,112.5,112,112.5,222
2019/7/22,12:00:00,112.5,112.5,112,112,403
2019/7/22,12:15:00,112,112.5,112,112.5,200
2019/7/22,12:30:00,112.5,112.5,112,112,180
2019/7/22,12:45:00,112.5,112.5,112,112,237
2019/7/22,13:00:00,112.5,112.5,112,112.5,668
2019/7/22,13:15:00,112,112.5,112,112.5,1154
2019/7/23,09:00:00,112.5,112.5,112,112.5,1001
2019/7/23,09:15:00,112.5,112.5,112,112,361
2019/7/23,09:30:00,112.5,112.5,112,112.5,515
2019/7/23,09:45:00,112,112.5,112,112.5,601
2019/7/23,10:00:00,112,112.5,112,112,520
2019/7/23,10:15:00,112,112.5,112,112,572
2019/7/23,10:30:00,112,112.5,112,112.5,511
2019/7/23,10:45:00,112,112.5,112,112.5,542
2019/7/23,11:00:00,112,112.5,112,112.5,546
2019/7/23,11:15:00,112,112.5,112,112.5,658
2019/7/23,11:30:00,112.5,112.5,112,112.5,598
2019/7/23,11:45:00,112.5,113,112,112.5,1346
2019/7/23,12:00:00,113,113,112.5,112.5,434
2019/7/23,12:15:00,112.5,113,112.5,113,317
2019/7/23,12:30:00,113,113,112.5,112.5,471
2019/7/23,12:45:00,113,113,112.5,112.5,424
2019/7/23,13:00:00,113,113,112.5,113,551
2019/7/23,13:15:00,112.5,113,112,112,1424
2019/7/24,09:00:00,112,112.5,112,112.5,1092
2019/7/24,09:15:00,112.5,112.5,112,112.5,340
2019/7/24,09:30:00,112.5,112.5,112,112.5,397
2019/7/24,09:45:00,112.5,112.5,112,112.5,558
2019/7/24,10:00:00,112.5,112.5,112,112.5,514
2019/7/24,10:15:00,112.5,112.5,112,112,402
2019/7/24,10:30:00,112.5,112.5,112,112.5,462
2019/7/24,10:45:00,112,112.5,112,112.5,529
2019/7/24,11:00:00,112,112.5,112,112.5,552
2019/7/24,11:15:00,112.5,112.5,112,112.5,462
2019/7/24,11:30:00,112.5,112.5,112,112,784
2019/7/24,11:45:00,112.5,112.5,112,112,804
2019/7/24,12:00:00,112,112.5,112,112.5,479
2019/7/24,12:15:00,112.5,112.5,112,112.5,551
2019/7/24,12:30:00,112.5,112.5,112,112,602
2019/7/24,12:45:00,112.5,112.5,112,112,639
2019/7/24,13:00:00,112,112.5,112,112.5,1093
2019/7/24,13:15:00,112.5,112.5,112,112,2236
2019/7/25,09:00:00,107,107.5,107,107.5,7701
2019/7/25,09:15:00,107.5,107.5,107,107.5,753
2019/7/25,09:30:00,107.5,107.5,107,107,986
2019/7/25,09:45:00,107.5,107.5,107,107,552
2019/7/25,10:00:00,107,107.5,107,107,1247
2019/7/25,10:15:00,107,107.5,107,107.5,1350
2019/7/25,10:30:00,107,107.5,107,107.5,752
2019/7/25,10:45:00,107,107.5,107,107,695
2019/7/25,11:00:00,107,107.5,107,107.5,949
2019/7/25,11:15:00,107.5,107.5,107,107,616
2019/7/25,11:30:00,107,107.5,107,107,511
2019/7/25,11:45:00,107,107.5,107,107,624
2019/7/25,12:00:00,107,107.5,107,107,765
2019/7/25,12:15:00,107,107.5,107,107,829
2019/7/25,12:30:00,107,107.5,107,107,701
2019/7/25,12:45:00,107,107.5,107,107,791
2019/7/25,13:00:00,107,107.5,107,107,949
2019/7/25,13:15:00,107,107.5,107,107,2352
2019/7/26,09:00:00,107.5,108,107,108,920
2019/7/26,09:15:00,107.5,108,107.5,107.5,271
2019/7/26,09:30:00,108,108,107.5,107.5,376
2019/7/26,09:45:00,108,108,107.5,107.5,273
2019/7/26,10:00:00,107.5,108,107.5,108,299
2019/7/26,10:15:00,107.5,108,107.5,108,339
2019/7/26,10:30:00,108,108,107.5,107.5,342
2019/7/26,10:45:00,107.5,108,107.5,107.5,570
2019/7/26,11:00:00,108,108,107.5,108,414
2019/7/26,11:15:00,107.5,108,107.5,107.5,516
2019/7/26,11:30:00,107.5,108,107.5,107.5,580
2019/7/26,11:45:00,107.5,108,107.5,107.5,481
2019/7/26,12:00:00,107.5,108,107.5,107.5,382
2019/7/26,12:15:00,107.5,108,107.5,107.5,422
2019/7/26,12:30:00,108,108,107.5,107.5,547
2019/7/26,12:45:00,107.5,108,107.5,107.5,797
2019/7/26,13:00:00,107.5,108,107.5,108,329
2019/7/26,13:15:00,108,108,107.5,107.5,799
2019/7/29,09:00:00,107.5,108,107.5,108,441
2019/7/29,09:15:00,108,108,107.5,108,213
2019/7/29,09:30:00,108,108,107.5,108,166
2019/7/29,09:45:00,107.5,108,107.5,107.5,145
2019/7/29,10:00:00,108,108,107.5,108,256
2019/7/29,10:15:00,108,108,107.5,107.5,224
2019/7/29,10:30:00,108,108,107.5,107.5,235
2019/7/29,10:45:00,107.5,108,107.5,107.5,724
2019/7/29,11:00:00,107.5,108,107.5,107.5,552
2019/7/29,11:15:00,107.5,108,107.5,107.5,418
2019/7/29,11:30:00,107.5,108,107.5,107.5,335
2019/7/29,11:45:00,107.5,108,107.5,107.5,393
2019/7/29,12:00:00,108,108,107.5,107.5,332
2019/7/29,12:15:00,107.5,108,107.5,107.5,374
2019/7/29,12:30:00,107.5,108,107.5,107.5,346
2019/7/29,12:45:00,108,108,107.5,107.5,361
2019/7/29,13:00:00,107.5,108,107.5,107.5,369
2019/7/29,13:15:00,107.5,108,107.5,107.5,1101
2019/7/30,09:00:00,108,108,107.5,108,263
2019/7/30,09:15:00,108,108,107.5,107.5,200
2019/7/30,09:30:00,108,108,107.5,108,107
2019/7/30,09:45:00,108,108,107.5,108,102
2019/7/30,10:00:00,108,108,107.5,107.5,111
2019/7/30,10:15:00,107.5,108,107.5,107.5,193
2019/7/30,10:30:00,107.5,108,107.5,107.5,378
2019/7/30,10:45:00,107.5,108,107.5,107.5,387
2019/7/30,11:00:00,107.5,108,107.5,108,423
2019/7/30,11:15:00,107.5,108,107.5,107.5,361
2019/7/30,11:30:00,107.5,108,107.5,107.5,408
2019/7/30,11:45:00,107.5,108,107.5,107.5,365
2019/7/30,12:00:00,107.5,108,107.5,107.5,151
2019/7/30,12:15:00,107.5,108,107.5,107.5,171
2019/7/30,12:30:00,107.5,108,107.5,107.5,221
2019/7/30,12:45:00,107.5,108,107.5,107.5,198
2019/7/30,13:00:00,107.5,108,107.5,107.5,691
2019/7/30,13:15:00,108,108,107.5,107.5,963
2019/7/31,09:00:00,108,108,107.5,107.5,359
2019/7/31,09:15:00,108,108,107.5,107.5,122
2019/7/31,09:30:00,107.5,108,107.5,107.5,102
2019/7/31,09:45:00,108,108,107.5,107.5,101
2019/7/31,10:00:00,107.5,108,107.5,108,187
2019/7/31,10:15:00,107.5,108,107.5,107.5,177
2019/7/31,10:30:00,108,108,107.5,107.5,107
2019/7/31,10:45:00,107.5,108,107.5,107.5,117
2019/7/31,11:00:00,108,108,107.5,107.5,107
2019/7/31,11:15:00,107.5,108,107.5,107.5,104
2019/7/31,11:30:00,108,108,107.5,108,86
2019/7/31,11:45:00,107.5,108,107.5,107.5,120
2019/7/31,12:00:00,107.5,108,107.5,107.5,142
2019/7/31,12:15:00,108,108,107.5,107.5,102
2019/7/31,12:30:00,108,108,107.5,108,129
2019/7/31,12:45:00,108,108,107.5,108,217
2019/7/31,13:00:00,107.5,108,107.5,107.5,945
2019/7/31,13:15:00,107.5,108,107.5,108,3304
2019/8/1,09:00:00,107.5,108,107.5,107.5,455
2019/8/1,09:15:00,107.5,108,107.5,107.5,275
2019/8/1,09:30:00,107.5,108,107.5,107.5,247
2019/8/1,09:45:00,108,108,107.5,108,854
2019/8/1,10:00:00,108,108,107.5,107.5,287
2019/8/1,10:15:00,107.5,108,107.5,108,144
2019/8/1,10:30:00,107.5,108,107.5,107.5,251
2019/8/1,10:45:00,107.5,108,107.5,107.5,152
2019/8/1,11:00:00,107.5,108,107.5,108,319
2019/8/1,11:15:00,107.5,108,107.5,107.5,119
2019/8/1,11:30:00,107.5,108,107.5,108,274
2019/8/1,11:45:00,108,108,107.5,107.5,623
2019/8/1,12:00:00,107.5,108,107.5,107.5,414
2019/8/1,12:15:00,107.5,108,107.5,107.5,141
2019/8/1,12:30:00,108,108,107.5,107.5,307
2019/8/1,12:45:00,108,108,107,107.5,1056
2019/8/1,13:00:00,107.5,107.5,107,107,248
2019/8/1,13:15:00,107,107.5,107,107,822
2019/8/2,09:00:00,107,107.5,107,107.5,900
2019/8/2,09:15:00,107.5,107.5,107,107,232
2019/8/2,09:30:00,107,107.5,107,107.5,520
2019/8/2,09:45:00,107,107.5,107,107,215
2019/8/2,10:00:00,107,107.5,107,107.5,595
2019/8/2,10:15:00,107,107.5,107,107.5,631
2019/8/2,10:30:00,107,107.5,107,107.5,456
2019/8/2,10:45:00,107.5,107.5,107,107.5,449
2019/8/2,11:00:00,107,107.5,107,107.5,418
2019/8/2,11:15:00,107.5,107.5,107,107,313
2019/8/2,11:30:00,107,107.5,107,107.5,387
2019/8/2,11:45:00,107.5,107.5,107,107,326
2019/8/2,12:00:00,107,107.5,107,107.5,239
2019/8/2,12:15:00,107.5,107.5,107,107,280
2019/8/2,12:30:00,107.5,107.5,107,107.5,280
2019/8/2,12:45:00,107.5,107.5,107,107,299
2019/8/2,13:00:00,107.5,107.5,107,107,445
2019/8/2,13:15:00,107,107.5,107,107,2142
2019/8/5,09:00:00,107,107.5,107,107.5,403
2019/8/5,09:15:00,107.5,107.5,107,107.5,311
2019/8/5,09:30:00,107.5,107.5,107,107,574
2019/8/5,09:45:00,107,107.5,107,107.5,265
2019/8/5,10:00:00,107.5,107.5,107,107.5,197
2019/8/5,10:15:00,107.5,107.5,107,107.5,359
2019/8/5,10:30:00,107,107.5,107,107,243
2019/8/5,10:45:00,107,107.5,107,107.5,207
2019/8/5,11:00:00,107.5,107.5,107,107.5,366
2019/8/5,11:15:00,107.5,107.5,107,107.5,533
2019/8/5,11:30:00,107,107.5,107,107.5,182
2019/8/5,11:45:00,107.5,107.5,107,107.5,306
2019/8/5,12:00:00,107.5,107.5,107,107.5,296
2019/8/5,12:15:00,107,107.5,107,107,235
2019/8/5,12:30:00,107,107.5,107,107.5,202
2019/8/5,12:45:00,107,107.5,107,107.5,256
2019/8/5,13:00:00,107.5,107.5,107,107,499
2019/8/5,13:15:00,107.5,107.5,107,107.5,1565
2019/8/6,09:00:00,107,107,106.5,107,2453
2019/8/6,09:15:00,106.5,107,106.5,107,984
2019/8/6,09:30:00,107,107,106.5,107,372
2019/8/6,09:45:00,107,107,106.5,107,265
2019/8/6,10:00:00,107,107,106.5,106.5,301
2019/8/6,10:15:00,107,107,106.5,107,230
2019/8/6,10:30:00,107,107,106.5,107,184
2019/8/6,10:45:00,107,107,106.5,107,189
2019/8/6,11:00:00,107,107,106.5,107,424
2019/8/6,11:15:00,107,107,106.5,107,167
2019/8/6,11:30:00,107,107,106.5,107,211
2019/8/6,11:45:00,107,107,106.5,107,211
2019/8/6,12:00:00,107,107,106.5,107,322
2019/8/6,12:15:00,107,107,106.5,106.5,228
2019/8/6,12:30:00,107,107,106.5,107,688
2019/8/6,12:45:00,107,107,106.5,107,820
2019/8/6,13:00:00,107,107,106.5,107,478
2019/8/6,13:15:00,107,107,106.5,106.5,1094
2019/8/7,09:00:00,107,107.5,106.5,107.5,1251
2019/8/7,09:15:00,107.5,107.5,107,107,180
2019/8/7,09:30:00,107,107.5,107,107,319
2019/8/7,09:45:00,107.5,107.5,106.5,107,1615
2019/8/7,10:00:00,107,107,106.5,106.5,196
2019/8/7,10:15:00,107,107,106.5,106.5,227
2019/8/7,10:30:00,106.5,107,106.5,107,255
2019/8/7,10:45:00,107,107,106.5,107,209
2019/8/7,11:00:00,107,107,106.5,107,195
2019/8/7,11:15:00,107,107,106.5,106.5,250
2019/8/7,11:30:00,106.5,107,106.5,107,222
2019/8/7,11:45:00,106.5,107,106.5,107,296
2019/8/7,12:00:00,106.5,107,106.5,107,434
2019/8/7,12:15:00,107,107,106.5,107,371
2019/8/7,12:30:00,106.5,107,106.5,107,398
2019/8/7,12:45:00,106.5,107,106.5,107,347
2019/8/7,13:00:00,106.5,107,106.5,106.5,892
2019/8/7,13:15:00,106.5,107,106.5,106.5,1567
2019/8/8,09:00:00,106.5,107.5,106.5,107,1134
2019/8/8,09:15:00,107,107.5,107,107,139
2019/8/8,09:30:00,107,107.5,107,107.5,183
2019/8/8,09:45:00,107.5,107.5,107,107,174
2019/8/8,10:00:00,107.5,107.5,107,107.5,96
2019/8/8,10:15:00,107,107.5,107,107,121
2019/8/8,10:30:00,107,107.5,107,107.5,71
2019/8/8,10:45:00,107.5,107.5,107,107,86
2019/8/8,11:00:00,107,107.5,107,107,104
2019/8/8,11:15:00,107,107.5,107,107,69
2019/8/8,11:30:00,107,107.5,107,107,262
2019/8/8,11:45:00,107.5,107.5,107,107.5,83
2019/8/8,12:00:00,107,107.5,107,107,79
2019/8/8,12:15:00,107.5,107.5,107,107,104
2019/8/8,12:30:00,107.5,107.5,107,107.5,126
2019/8/8,12:45:00,107.5,107.5,107,107.5,199
2019/8/8,13:00:00,107.5,107.5,107,107,169
2019/8/8,13:15:00,107.5,107.5,107,107.5,923
2019/8/12,09:00:00,107.5,107.5,107,107.5,605
2019/8/12,09:15:00,107.5,107.5,107,107.5,126
2019/8/12,09:30:00,107.5,107.5,107,107.5,127
2019/8/12,09:45:00,107.5,107.5,107,107.5,170
2019/8/12,10:00:00,107.5,107.5,107,107.5,148
2019/8/12,10:15:00,107,107.5,107,107.5,191
2019/8/12,10:30:00,107.5,108,107,108,894
2019/8/12,10:45:00,108,108,107.5,108,81
2019/8/12,11:00:00,107.5,108,107.5,107.5,62
2019/8/12,11:15:00,108,108,107.5,108,111
2019/8/12,11:30:00,107.5,108,107.5,107.5,100
2019/8/12,11:45:00,107.5,108,107.5,108,87
2019/8/12,12:00:00,108,108,107.5,108,106
2019/8/12,12:15:00,108,108,107.5,107.5,88
2019/8/12,12:30:00,107.5,108,107.5,108,140
2019/8/12,12:45:00,108,108,107.5,107.5,237
2019/8/12,13:00:00,107.5,108,107.5,108,279
2019/8/12,13:15:00,108,108,107.5,107.5,785
2019/8/13,09:00:00,107.5,107.5,107,107.5,351
2019/8/13,09:15:00,107.5,107.5,107,107,167
2019/8/13,09:30:00,107.5,107.5,107,107,121
2019/8/13,09:45:00,107,107.5,107,107,113
2019/8/13,10:00:00,107.5,107.5,107,107,255
2019/8/13,10:15:00,107,107.5,107,107,193
2019/8/13,10:30:00,107.5,107.5,107,107,125
2019/8/13,10:45:00,107.5,107.5,107,107,153
2019/8/13,11:00:00,107.5,107.5,107,107,124
2019/8/13,11:15:00,107,107.5,107,107,121
2019/8/13,11:30:00,107.5,107.5,107,107,102
2019/8/13,11:45:00,107.5,107.5,107,107,123
2019/8/13,12:00:00,107.5,107.5,107,107.5,111
2019/8/13,12:15:00,107.5,107.5,107,107.5,107
2019/8/13,12:30:00,107.5,107.5,107,107.5,140
2019/8/13,12:45:00,107,107.5,107,107.5,179
2019/8/13,13:00:00,107,107.5,107,107,325
2019/8/13,13:15:00,107.5,107.5,107,107,1606
2019/8/14,09:00:00,107.5,108,107.5,107.5,517
2019/8/14,09:15:00,107.5,108,107.5,107.5,164
2019/8/14,09:30:00,107.5,107.5,107,107,285
2019/8/14,09:45:00,107.5,107.5,107,107,60
2019/8/14,10:00:00,107.5,107.5,107,107,51
2019/8/14,10:15:00,107.5,107.5,107,107,59
2019/8/14,10:30:00,107.5,107.5,107,107,83
2019/8/14,10:45:00,107,107.5,107,107.5,99
2019/8/14,11:00:00,107,107.5,107,107,108
2019/8/14,11:15:00,107.5,107.5,107,107,123
2019/8/14,11:30:00,107.5,107.5,107,107,126
2019/8/14,11:45:00,107,107.5,107,107.5,120
2019/8/14,12:00:00,107,107.5,107,107,81
2019/8/14,12:15:00,107,107.5,107,107.5,209
2019/8/14,12:30:00,107,107.5,107,107,233
2019/8/14,12:45:00,107,107.5,107,107,240
2019/8/14,13:00:00,107.5,107.5,107,107,418
2019/8/14,13:15:00,107,107.5,107,107,1176
2019/8/15,09:00:00,107,107,106.5,106.5,429
2019/8/15,09:15:00,107,107,106.5,106.5,136
2019/8/15,09:30:00,106.5,107,106.5,106.5,226
2019/8/15,09:45:00,107,107,106.5,106.5,174
2019/8/15,10:00:00,106.5,107,106.5,107,168
2019/8/15,10:15:00,107,107,106.5,107,180
2019/8/15,10:30:00,106.5,107,106.5,106.5,204
2019/8/15,10:45:00,107,107,106.5,106.5,177
2019/8/15,11:00:00,106.5,107,106.5,106.5,146
2019/8/15,11:15:00,107,107,106.5,106.5,132
2019/8/15,11:30:00,106.5,107,106.5,106.5,155
2019/8/15,11:45:00,107,107,106.5,106.5,229
2019/8/15,12:00:00,107,107,106.5,106.5,284
2019/8/15,12:15:00,107,107,106.5,107,173
2019/8/15,12:30:00,106.5,107,106.5,107,202
2019/8/15,12:45:00,106.5,107,106.5,106.5,197
2019/8/15,13:00:00,107,107,106.5,106.5,230
2019/8/15,13:15:00,107,107,106.5,106.5,1379
2019/8/16,09:00:00,107,107,106.5,107,439
2019/8/16,09:15:00,106.5,107,106.5,106.5,128
2019/8/16,09:30:00,107,107,106.5,106.5,235
2019/8/16,09:45:00,107,107,106.5,106.5,104
2019/8/16,10:00:00,107,107,106.5,107,358
2019/8/16,10:15:00,106.5,107,106.5,107,236
2019/8/16,10:30:00,106.5,107,106.5,107,205
2019/8/16,10:45:00,107,107.5,106.5,107,1451
2019/8/16,11:00:00,107.5,107.5,107,107,136
2019/8/16,11:15:00,107,107.5,107,107.5,264
2019/8/16,11:30:00,107.5,107.5,107,107,295
2019/8/16,11:45:00,107.5,107.5,107,107.5,341
2019/8/16,12:00:00,107.5,107.5,107,107.5,373
2019/8/16,12:15:00,107.5,107.5,107,107.5,473
2019/8/16,12:30:00,107.5,107.5,107,107.5,658
2019/8/16,12:45:00,107.5,108,107.5,108,1146
2019/8/16,13:00:00,108,108,107.5,108,463
2019/8/16,13:15:00,108,108,107.5,108,946
2019/8/19,09:00:00,107.5,107.5,107,107.5,1221
2019/8/19,09:15:00,107,107.5,107,107.5,92
2019/8/19,09:30:00,107.5,107.5,107,107,164
2019/8/19,09:45:00,107.5,107.5,107,107.5,120
2019/8/19,10:00:00,107.5,107.5,107,107.5,208
2019/8/19,10:15:00,107,107.5,107,107.5,188
2019/8/19,10:30:00,107.5,107.5,107,107.5,87
2019/8/19,10:45:00,107.5,107.5,107,107.5,123
2019/8/19,11:00:00,107.5,107.5,107,107,141
2019/8/19,11:15:00,107.5,107.5,107,107.5,150
2019/8/19,11:30:00,107,108,107,107.5,563
2019/8/19,11:45:00,108,108,107.5,108,210
2019/8/19,12:00:00,108,108,107.5,108,325
2019/8/19,12:15:00,108,108,107.5,108,256
2019/8/19,12:30:00,107.5,108,107.5,108,238
2019/8/19,12:45:00,108,108,107.5,108,210
2019/8/19,13:00:00,108,108,107.5,107.5,223
2019/8/19,13:15:00,107.5,108,107.5,107.5,843
2019/8/20,09:00:00,107.5,107.5,107,107.5,341
2019/8/20,09:15:00,107,107.5,107,107,124
2019/8/20,09:30:00,107,107.5,107,107,110
2019/8/20,09:45:00,107.5,107.5,107,107.5,127
2019/8/20,10:00:00,107.5,107.5,107,107.5,102
2019/8/20,10:15:00,107,107.5,107,107.5,176
2019/8/20,10:30:00,107.5,107.5,107,107.5,187
2019/8/20,10:45:00,107.5,107.5,107,107,172
2019/8/20,11:00:00,107,107.5,107,107,179
2019/8/20,11:15:00,107.5,107.5,107,107.5,179
2019/8/20,11:30:00,107,107.5,107,107.5,164
2019/8/20,11:45:00,107.5,107.5,107,107.5,167
2019/8/20,12:00:00,107.5,107.5,107,107.5,169
2019/8/20,12:15:00,107.5,107.5,107,107.5,180
2019/8/20,12:30:00,107.5,107.5,107,107.5,156
2019/8/20,12:45:00,107.5,107.5,107,107.5,196
2019/8/20,13:00:00,107.5,107.5,107,107.5,313
2019/8/20,13:15:00,107.5,107.5,107,107,1433
2019/8/21,09:00:00,107.5,107.5,107,107.5,493
2019/8/21,09:15:00,107.5,107.5,107,107,124
2019/8/21,09:30:00,107,107.5,107,107.5,92
2019/8/21,09:45:00,107,107.5,107,107,143
2019/8/21,10:00:00,107,107.5,107,107,94
2019/8/21,10:15:00,107.5,107.5,107,107,139
2019/8/21,10:30:00,107,107.5,107,107.5,240
2019/8/21,10:45:00,107,107.5,107,107.5,193
2019/8/21,11:00:00,107.5,107.5,107,107,70
2019/8/21,11:15:00,107,107.5,107,107.5,113
2019/8/21,11:30:00,107.5,107.5,107,107,87
2019/8/21,11:45:00,107.5,107.5,107,107.5,63
2019/8/21,12:00:00,107,107.5,107,107.5,98
2019/8/21,12:15:00,107,107.5,107,107.5,106
2019/8/21,12:30:00,107,107.5,107,107.5,107
2019/8/21,12:45:00,107,107.5,107,107.5,151
2019/8/21,13:00:00,107.5,107.5,107,107,719
2019/8/21,13:15:00,107,107.5,107,107.5,921
2019/8/22,09:00:00,107.5,107.5,107,107.5,432
2019/8/22,09:15:00,107.5,107.5,107,107,103
2019/8/22,09:30:00,107.5,107.5,107,107.5,118
2019/8/22,09:45:00,107.5,107.5,107,107,89
2019/8/22,10:00:00,107,108,107,107.5,798
2019/8/22,10:15:00,108,108,107.5,107.5,165
2019/8/22,10:30:00,108,108,107.5,107.5,124
2019/8/22,10:45:00,107.5,108,107.5,107.5,181
2019/8/22,11:00:00,107.5,108,107.5,107.5,252
2019/8/22,11:15:00,107.5,108,107,107,347
2019/8/22,11:30:00,107,107.5,107,107.5,116
2019/8/22,11:45:00,107,107.5,107,107,78
2019/8/22,12:00:00,107,107.5,107,107.5,97
2019/8/22,12:15:00,107.5,107.5,107,107.5,119
2019/8/22,12:30:00,107.5,107.5,107,107,106
2019/8/22,12:45:00,107.5,107.5,107,107,163
2019/8/22,13:00:00,107.5,107.5,107,107.5,237
2019/8/22,13:15:00,107,107.5,107,107,1413
2019/8/23,09:00:00,107.5,107.5,107,107.5,261
2019/8/23,09:15:00,107,107.5,107,107.5,112
2019/8/23,09:30:00,107.5,107.5,107,107.5,267
2019/8/23,09:45:00,107.5,107.5,107,107,211
2019/8/23,10:00:00,107,107.5,107,107,333
2019/8/23,10:15:00,107,107.5,107,107.5,169
2019/8/23,10:30:00,107.5,107.5,107,107,205
2019/8/23,10:45:00,107,107.5,107,107,254
2019/8/23,11:00:00,107,107.5,107,107,291
2019/8/23,11:15:00,107.5,107.5,107,107,221
2019/8/23,11:30:00,107,107.5,107,107,213
2019/8/23,11:45:00,107.5,107.5,107,107.5,193
2019/8/23,12:00:00,107.5,107.5,107,107,218
2019/8/23,12:15:00,107,107.5,107,107,182
2019/8/23,12:30:00,107,107.5,107,107,250
2019/8/23,12:45:00,107,107.5,107,107,220
2019/8/23,13:00:00,107.5,107.5,107,107,394
2019/8/23,13:15:00,107,107.5,107,107.5,1560
2019/8/26,09:00:00,107,107.5,107,107,405
2019/8/26,09:15:00,107,107.5,107,107,372
2019/8/26,09:30:00,107.5,107.5,107,107,229
2019/8/26,09:45:00,107,107.5,107,107,322
2019/8/26,10:00:00,107,107.5,107,107,361
2019/8/26,10:15:00,107,107.5,107,107,125
2019/8/26,10:30:00,107,107.5,107,107.5,60
2019/8/26,10:45:00,107.5,107.5,107,107,54
2019/8/26,11:00:00,107,107.5,107,107.5,45
2019/8/26,11:15:00,107.5,107.5,107,107,86
2019/8/26,11:30:00,107.5,107.5,107,107.5,59
2019/8/26,11:45:00,107,107.5,107,107.5,55
2019/8/26,12:00:00,107.5,107.5,107,107.5,41
2019/8/26,12:15:00,107.5,107.5,107,107.5,38
2019/8/26,12:30:00,107.5,107.5,107,107.5,42
2019/8/26,12:45:00,107,107.5,107,107.5,60
2019/8/26,13:00:00,107,107.5,107,107,52
2019/8/26,13:15:00,107.5,107.5,107,107,635
2019/8/27,09:00:00,107.5,107.5,107,107.5,141
2019/8/27,09:15:00,107,107.5,107,107.5,173
2019/8/27,09:30:00,107.5,107.5,107,107.5,89
2019/8/27,09:45:00,107,107.5,107,107,139
2019/8/27,10:00:00,107.5,107.5,107,107.5,204
2019/8/27,10:15:00,107.5,107.5,107,107.5,97
2019/8/27,10:30:00,107.5,107.5,107,107.5,124
2019/8/27,10:45:00,107.5,107.5,107,107,77
2019/8/27,11:00:00,107,107.5,107,107,121
2019/8/27,11:15:00,107.5,107.5,107,107.5,76
2019/8/27,11:30:00,107,107.5,107,107,79
2019/8/27,11:45:00,107.5,107.5,107,107,63
2019/8/27,12:00:00,107,107.5,107,107,79
2019/8/27,12:15:00,107.5,107.5,107,107,162
2019/8/27,12:30:00,107,107.5,107,107,169
2019/8/27,12:45:00,107,107.5,107,107,132
2019/8/27,13:00:00,107,107.5,107,107.5,176
2019/8/27,13:15:00,107.5,107.5,107,107.5,6282
2019/8/28,09:00:00,107.5,107.5,107,107.5,362
2019/8/28,09:15:00,107,107.5,107,107,312
2019/8/28,09:30:00,107.5,108,107,108,1252
2019/8/28,09:45:00,107.5,108,107.5,107.5,105
2019/8/28,10:00:00,107.5,108,107.5,107.5,93
2019/8/28,10:15:00,107.5,108,107.5,108,47
2019/8/28,10:30:00,108,108,107.5,108,115
2019/8/28,10:45:00,108,108,107.5,107.5,97
2019/8/28,11:00:00,107.5,108,107.5,107.5,111
2019/8/28,11:15:00,107.5,108,107.5,107.5,69
2019/8/28,11:30:00,107.5,108,107.5,108,48
2019/8/28,11:45:00,107.5,108,107.5,108,117
2019/8/28,12:00:00,108,108,107.5,107.5,78
2019/8/28,12:15:00,108,108,107.5,108,129
2019/8/28,12:30:00,108,108,107.5,108,123
2019/8/28,12:45:00,107.5,108,107.5,108,96
2019/8/28,13:00:00,107.5,108,107.5,108,252
2019/8/28,13:15:00,107.5,108,107.5,108,1050
2019/8/29,09:00:00,108,108,107.5,108,418
2019/8/29,09:15:00,108,108,107.5,108,252
2019/8/29,09:30:00,108,108,107.5,108,240
2019/8/29,09:45:00,108,108,107.5,108,225
2019/8/29,10:00:00,108,108,107.5,108,201
2019/8/29,10:15:00,108,108,107.5,108,358
2019/8/29,10:30:00,108,108,107.5,108,180
2019/8/29,10:45:00,108,108,107.5,108,180
2019/8/29,11:00:00,108,108,107.5,108,223
2019/8/29,11:15:00,108,108,107.5,108,185
2019/8/29,11:30:00,108,108,107.5,108,199
2019/8/29,11:45:00,108,108,107.5,108,229
2019/8/29,12:00:00,108,108,107.5,108,199
2019/8/29,12:15:00,108,108,107.5,108,247
2019/8/29,12:30:00,108,108,107.5,108,227
2019/8/29,12:45:00,108,108,107.5,108,255
2019/8/29,13:00:00,108,108.5,107.5,108.5,1965
2019/8/29,13:15:00,108,108.5,108,108.5,877
2019/8/30,09:00:00,108.5,108.5,108,108.5,349
2019/8/30,09:15:00,108.5,109,108,109,2981
2019/8/30,09:30:00,109,109,108.5,109,440
2019/8/30,09:45:00,109,109,108.5,109,254
2019/8/30,10:00:00,109,109,108.5,109,327
2019/8/30,10:15:00,109,109,108.5,109,227
2019/8/30,10:30:00,109,109,108.5,109,272
2019/8/30,10:45:00,109,109,108.5,109,244
2019/8/30,11:00:00,108.5,109,108.5,109,396
2019/8/30,11:15:00,109,109,108.5,109,453
2019/8/30,11:30:00,109,109,108.5,109,468
2019/8/30,11:45:00,109,109,108.5,109,392
2019/8/30,12:00:00,108.5,109,108.5,109,411
2019/8/30,12:15:00,109,109,108.5,109,404
2019/8/30,12:30:00,109,109,108.5,109,312
2019/8/30,12:45:00,109,109,108.5,109,375
2019/8/30,13:00:00,108.5,109,108.5,108.5,312
2019/8/30,13:15:00,109,109,108.5,109,2205
2019/9/2,09:00:00,109,109.5,108.5,109.5,611
2019/9/2,09:15:00,109.5,109.5,109,109.5,140
2019/9/2,09:30:00,109.5,109.5,109,109,189
2019/9/2,09:45:00,109.5,110,109,110,2601
2019/9/2,10:00:00,110,110,109.5,110,244
2019/9/2,10:15:00,110,110,109.5,110,213
2019/9/2,10:30:00,110,110,109.5,110,203
2019/9/2,10:45:00,110,110,109.5,110,216
2019/9/2,11:00:00,110,110,109.5,110,197
2019/9/2,11:15:00,110,110,109.5,110,179
2019/9/2,11:30:00,110,110,109.5,110,360
2019/9/2,11:45:00,110,110,109.5,110,609
2019/9/2,12:00:00,110,110,109.5,110,579
2019/9/2,12:15:00,110,110,109.5,110,228
2019/9/2,12:30:00,110,110,109.5,109.5,191
2019/9/2,12:45:00,109.5,110,109.5,109.5,132
2019/9/2,13:00:00,109.5,110,109.5,110,155
2019/9/2,13:15:00,110,110,109.5,110,580
2019/9/3,09:00:00,110,110,109.5,109.5,277
2019/9/3,09:15:00,110,110,109.5,110,134
2019/9/3,09:30:00,110,110,109.5,110,134
2019/9/3,09:45:00,110,110,109.5,110,141
2019/9/3,10:00:00,110,110.5,110,110.5,2502
2019/9/3,10:15:00,110.5,110.5,110,110.5,207
2019/9/3,10:30:00,110.5,110.5,110,110.5,217
2019/9/3,10:45:00,110.5,110.5,110,110,278
2019/9/3,11:00:00,110.5,110.5,109.5,110,1094
2019/9/3,11:15:00,110,110,109.5,109.5,229
2019/9/3,11:30:00,110,110,109.5,110,215
2019/9/3,11:45:00,110,110,109.5,110,226
2019/9/3,12:00:00,110,110,109.5,110,217
2019/9/3,12:15:00,110,110,109.5,110,184
2019/9/3,12:30:00,109.5,110,109.5,110,236
2019/9/3,12:45:00,109.5,110,109.5,109.5,327
2019/9/3,13:00:00,110,110,109.5,109.5,182
2019/9/3,13:15:00,110,110,109.5,109.5,773
2019/9/4,09:00:00,109.5,110,109.5,109.5,309
2019/9/4,09:15:00,109.5,110,109.5,109.5,212
2019/9/4,09:30:00,109.5,110,109,109.5,1254
2019/9/4,09:45:00,109.5,109.5,109,109.5,195
2019/9/4,10:00:00,109.5,109.5,109,109.5,143
2019/9/4,10:15:00,109.5,109.5,109,109.5,129
2019/9/4,10:30:00,109.5,109.5,109,109,210
2019/9/4,10:45:00,109,109.5,109,109,146
2019/9/4,11:00:00,109.5,109.5,109,109.5,155
2019/9/4,11:15:00,109,109.5,109,109,156
2019/9/4,11:30:00,109.5,109.5,109,109,166
2019/9/4,11:45:00,109.5,109.5,109,109,211
2019/9/4,12:00:00,109.5,109.5,109,109.5,175
2019/9/4,12:15:00,109.5,109.5,109,109,162
2019/9/4,12:30:00,109.5,110,109,110,556
2019/9/4,12:45:00,110,110,109.5,110,202
2019/9/4,13:00:00,110,110,109.5,110,539
2019/9/4,13:15:00,110,110,109.5,110,1043
2019/9/5,09:00:00,109.5,110,109.5,110,139
2019/9/5,09:15:00,110,110,109.5,110,164
2019/9/5,09:30:00,110,110,109.5,110,167
2019/9/5,09:45:00,110,110,109.5,110,202
2019/9/5,10:00:00,110,110,109.5,109.5,298
2019/9/5,10:15:00,110,110,109.5,109.5,241
2019/9/5,10:30:00,110,110,109.5,110,275
2019/9/5,10:45:00,109.5,110,109.5,110,236
2019/9/5,11:00:00,110,110,109.5,110,446
2019/9/5,11:15:00,109.5,110,109.5,110,266
2019/9/5,11:30:00,110,110,109.5,109.5,340
2019/9/5,11:45:00,110,110,109.5,110,307
2019/9/5,12:00:00,110,110,109.5,110,305
2019/9/5,12:15:00,109.5,110,109.5,109.5,289
2019/9/5,12:30:00,109.5,110,109.5,109.5,336
2019/9/5,12:45:00,110,110,109.5,110,442
2019/9/5,13:00:00,109.5,110,109.5,109.5,360
2019/9/5,13:15:00,110,110,109.5,110,1680
2019/9/6,09:00:00,109.5,109.5,109,109.5,733
2019/9/6,09:15:00,109.5,109.5,109.5,109.5,253
2019/9/6,09:30:00,110,110,109.5,110,253
2019/9/6,09:45:00,110,110,109.5,110,186
2019/9/6,10:00:00,110,110,109.5,110,216
2019/9/6,10:15:00,110,110,109.5,110,149
2019/9/6,10:30:00,110,110,109.5,109.5,190
2019/9/6,10:45:00,110,110,109.5,110,178
2019/9/6,11:00:00,110,110,109.5,110,287
2019/9/6,11:15:00,110,110,109.5,110,173
2019/9/6,11:30:00,110,110,109.5,110,239
2019/9/6,11:45:00,110,110,109.5,110,330
2019/9/6,12:00:00,110,110,109.5,110,236
2019/9/6,12:15:00,110,110,109.5,110,211
2019/9/6,12:30:00,109.5,110,109.5,110,227
2019/9/6,12:45:00,109.5,110,109.5,110,151
2019/9/6,13:00:00,109.5,110,109.5,109.5,338
2019/9/6,13:15:00,109.5,110,109.5,110,992
2019/9/9,09:00:00,110,110,109.5,109.5,315
2019/9/9,09:15:00,110,110,109.5,109.5,217
2019/9/9,09:30:00,110,110,109.5,110,197
2019/9/9,09:45:00,110,110,109.5,110,230
2019/9/9,10:00:00,110,110,109.5,110,252
2019/9/9,10:15:00,110,110,109.5,110,309
2019/9/9,10:30:00,110,110,109.5,110,244
2019/9/9,10:45:00,110,110,109.5,110,204
2019/9/9,11:00:00,110,110,109.5,110,289
2019/9/9,11:15:00,110,110,109.5,110,241
2019/9/9,11:30:00,110,110,109.5,110,203
2019/9/9,11:45:00,110,110.5,109.5,110.5,1008
2019/9/9,12:00:00,110.5,110.5,110,110.5,224
2019/9/9,12:15:00,110,110.5,110,110,235
2019/9/9,12:30:00,110.5,110.5,110,110.5,265
2019/9/9,12:45:00,110.5,110.5,110,110.5,272
2019/9/9,13:00:00,110.5,110.5,110,110.5,975
2019/9/9,13:15:00,110,110.5,110,110.5,991
2019/9/10,09:00:00,110.5,111,110,111,1244
2019/9/10,09:15:00,110.5,111,110.5,111,277
2019/9/10,09:30:00,111,111,110.5,111,444
2019/9/10,09:45:00,111,111,110.5,111,289
2019/9/10,10:00:00,110.5,111,110.5,111,292
2019/9/10,10:15:00,111,111,110.5,111,361
2019/9/10,10:30:00,111,111,110.5,111,399
2019/9/10,10:45:00,111,111,110.5,110.5,406
2019/9/10,11:00:00,111,111,110.5,111,326
2019/9/10,11:15:00,111,111,110.5,111,275
2019/9/10,11:30:00,111,111,110.5,111,289
2019/9/10,11:45:00,111,111,110.5,111,371
2019/9/10,12:00:00,111,111,110.5,111,417
2019/9/10,12:15:00,111,111,110.5,111,304
2019/9/10,12:30:00,111,111,110.5,110.5,406
2019/9/10,12:45:00,111,111,110.5,110.5,391
2019/9/10,13:00:00,110.5,111,110.5,111,301
2019/9/10,13:15:00,110.5,111,110.5,111,2962
2019/9/11,09:00:00,111,111,110.5,110.5,165
2019/9/11,09:15:00,111,111,110.5,111,191
2019/9/11,09:30:00,111,111.5,111,111.5,2108
2019/9/11,09:45:00,111.5,111.5,111,111,199
2019/9/11,10:00:00,111.5,111.5,111,111.5,193
2019/9/11,10:15:00,111.5,111.5,111,111,243
2019/9/11,10:30:00,111,111.5,111,111.5,211
2019/9/11,10:45:00,111.5,111.5,111,111.5,213
2019/9/11,11:00:00,111.5,111.5,111,111.5,331
2019/9/11,11:15:00,111,111.5,111,111.5,195
2019/9/11,11:30:00,111.5,111.5,111,111.5,265
2019/9/11,11:45:00,111.5,111.5,111,111.5,277
2019/9/11,12:00:00,111.5,111.5,111,111,264
2019/9/11,12:15:00,111,111.5,111,111.5,251
2019/9/11,12:30:00,111,111.5,111,111.5,386
2019/9/11,12:45:00,111.5,111.5,111,111.5,256
2019/9/11,13:00:00,111,111.5,110.5,110.5,1386
2019/9/11,13:15:00,110.5,111,110.5,111,1241
2019/9/12,09:00:00,111,111.5,110.5,111.5,1456
2019/9/12,09:15:00,111.5,111.5,111,111.5,243
2019/9/12,09:30:00,111,111.5,111,111,272
2019/9/12,09:45:00,111,111.5,111,111.5,369
2019/9/12,10:00:00,111,111.5,111,111.5,252
2019/9/12,10:15:00,111,111.5,111,111.5,186
2019/9/12,10:30:00,111.5,111.5,111,111.5,176
2019/9/12,10:45:00,111.5,111.5,111,111,227
2019/9/12,11:00:00,111.5,111.5,111,111.5,274
2019/9/12,11:15:00,111,111.5,111,111.5,261
2019/9/12,11:30:00,111.5,111.5,111,111.5,193
2019/9/12,11:45:00,111,111.5,111,111.5,245
2019/9/12,12:00:00,111,111.5,111,111.5,182
2019/9/12,12:15:00,111,111.5,111,111.5,169
2019/9/12,12:30:00,111.5,111.5,111,111,157
2019/9/12,12:45:00,111,111.5,111,111.5,881
2019/9/12,13:00:00,111,111.5,111,111,287
2019/9/12,13:15:00,111,111.5,111,111,839
2019/9/16,09:00:00,111,111.5,111,111.5,535
2019/9/16,09:15:00,111.5,111.5,111,111,118
2019/9/16,09:30:00,111.5,111.5,111,111.5,147
2019/9/16,09:45:00,111,111.5,111,111.5,107
2019/9/16,10:00:00,111.5,111.5,111,111.5,143
2019/9/16,10:15:00,111.5,111.5,111,111.5,142
2019/9/16,10:30:00,111.5,111.5,111,111,160
2019/9/16,10:45:00,111.5,111.5,111,111,253
2019/9/16,11:00:00,111.5,111.5,111,111,110
2019/9/16,11:15:00,111.5,111.5,111,111.5,200
2019/9/16,11:30:00,111.5,111.5,111,111.5,234
2019/9/16,11:45:00,111.5,111.5,111,111,186
2019/9/16,12:00:00,111.5,111.5,111,111.5,174
2019/9/16,12:15:00,111.5,111.5,111,111.5,171
2019/9/16,12:30:00,111,111.5,111,111.5,186
2019/9/16,12:45:00,111.5,111.5,111,111.5,240
2019/9/16,13:00:00,111,111.5,111,111.5,407
2019/9/16,13:15:00,111.5,111.5,111,111.5,2783
2019/9/17,09:00:00,111.5,111.5,111,111.5,359
2019/9/17,09:15:00,111.5,111.5,111,111,140
2019/9/17,09:30:00,111,111.5,111,111.5,89
2019/9/17,09:45:00,111.5,111.5,111,111.5,84
2019/9/17,10:00:00,111.5,111.5,111,111,238
2019/9/17,10:15:00,111,111.5,111,111.5,141
2019/9/17,10:30:00,111,111.5,111,111.5,92
2019/9/17,10:45:00,111.5,111.5,111,111,134
2019/9/17,11:00:00,111,111.5,111,111,116
2019/9/17,11:15:00,111.5,111.5,111,111,131
2019/9/17,11:30:00,111,111.5,111,111,133
2019/9/17,11:45:00,111,111.5,111,111,93
2019/9/17,12:00:00,111.5,111.5,111,111,123
2019/9/17,12:15:00,111,111.5,111,111,98
2019/9/17,12:30:00,111,111.5,111,111,433
2019/9/17,12:45:00,111.5,111.5,111,111,216
2019/9/17,13:00:00,111,111.5,111,111,743
2019/9/17,13:15:00,111.5,111.5,111,111.5,1875
